{
  "hyperparameters": {
    "batch_size": 16,
    "criterion": "crossentropy",
    "net": "baseline",
    "optimizer": "sgd",
    "epochs": 24,
    "learning_rate": 0.0005,
    "momentum": 0.9,
    "scheduler": "none",
    "label_smoothing": 0.0,
    "data_augment": false,
    "normalize_mean": [
      0.5,
      0.5,
      0.5
    ],
    "normalize_std": [
      0.5,
      0.5,
      0.5
    ],
    "device": "cuda"
  },
  "train_loss": [
    2.1936362672805787,
    1.7758932959365845,
    1.5554460842323303,
    1.4469516707229615,
    1.3709133505630493,
    1.3077451846885682,
    1.2529611262130738,
    1.2070778100681305,
    1.1665768388557434,
    1.1323084940433503,
    1.096419658536911,
    1.0678483910083771,
    1.0394813872528077,
    1.0111611255264281,
    0.9843489168310166,
    0.9582214197540283,
    0.9344515293312072,
    0.9095607022809983,
    0.8846758943319321,
    0.8629119950342178,
    0.8408955596542358,
    0.8224842152500152,
    0.8025231185340881,
    0.7849268545341491
  ],
  "val_loss": [
    1.9438824596405029,
    1.6165797283172607,
    1.4931680272102357,
    1.4189444541931153,
    1.3498579733848572,
    1.2800343698501586,
    1.2412215780258178,
    1.2152462445259093,
    1.2123234013557433,
    1.2005015375614165,
    1.130960652732849,
    1.1125158715248107,
    1.1529732856273651,
    1.0958517688274383,
    1.0728515689373017,
    1.0818585760593413,
    1.0537774310588837,
    1.0736683826446534,
    1.0251855402469634,
    1.0610333555698395,
    1.0329010662555695,
    1.023194439983368,
    1.0361683533668518,
    1.0558210538864137
  ],
  "val_accuracy": [
    30.36,
    41.33,
    45.27,
    47.93,
    51.36,
    53.78,
    55.17,
    56.52,
    56.47,
    57.23,
    59.92,
    60.72,
    59.74,
    61.04,
    62.29,
    61.72,
    63.43,
    62.43,
    64.0,
    63.26,
    63.72,
    64.97,
    64.36,
    63.78
  ],
  "best_val_accuracy": 64.97
}