{
  "hyperparameters": {
    "batch_size": 16,
    "criterion": "crossentropy",
    "net": "baseline",
    "optimizer": "sgd",
    "epochs": 24,
    "learning_rate": 0.001,
    "momentum": 0.9,
    "scheduler": "none",
    "label_smoothing": 0.0,
    "data_augment": false,
    "normalize_mean": [
      0.4914,
      0.4822,
      0.4465
    ],
    "normalize_std": [
      0.2023,
      0.1994,
      0.201
    ],
    "device": "cuda"
  },
  "train_loss": [
    1.8458870097351074,
    1.4099548819351195,
    1.2527000117111207,
    1.1565995184898377,
    1.085250462064743,
    1.0274694065284729,
    0.9812370853328705,
    0.9411027376031875,
    0.9029743704748153,
    0.866627553577423,
    0.8363479610919953,
    0.8062749644422531,
    0.7811070673322678,
    0.7510417360830307,
    0.7239894368982315,
    0.699701398730278,
    0.6805529412770271,
    0.6608570329022407,
    0.6347203961777687,
    0.6170534862327576,
    0.5998529205954075,
    0.5842400807440281,
    0.5725471801519394,
    0.5495094976139069
  ],
  "val_loss": [
    1.5315000316619873,
    1.2825031522750854,
    1.2317098901748658,
    1.143810190343857,
    1.1129417433738709,
    1.0886324071407318,
    1.024544111919403,
    1.0171631852626801,
    1.0542308435440064,
    1.0406978939056397,
    1.0266816901683808,
    1.0670790454864503,
    1.025939514684677,
    1.042694405078888,
    1.0407531666040422,
    1.0727993558645248,
    1.0702390192985534,
    1.0619563839912414,
    1.08750419588089,
    1.108721369767189,
    1.1610354567050933,
    1.1759025166273116,
    1.149065976715088,
    1.1989196263313293
  ],
  "val_accuracy": [
    43.58,
    54.53,
    56.69,
    59.02,
    61.07,
    61.47,
    64.14,
    64.64,
    63.71,
    64.13,
    64.73,
    63.89,
    65.22,
    64.78,
    65.05,
    65.52,
    65.69,
    65.2,
    65.5,
    64.87,
    64.07,
    64.08,
    63.78,
    63.74
  ],
  "best_val_accuracy": 65.69
}