{
  "hyperparameters": {
    "batch_size": 16,
    "criterion": "crossentropy",
    "net": "baseline",
    "optimizer": "sgd",
    "epochs": 24,
    "learning_rate": 0.005,
    "momentum": 0.9,
    "scheduler": "none",
    "label_smoothing": 0.0,
    "data_augment": false,
    "normalize_mean": [
      0.5,
      0.5,
      0.5
    ],
    "normalize_std": [
      0.5,
      0.5,
      0.5
    ],
    "device": "cuda"
  },
  "train_loss": [
    1.6729003929710389,
    1.3414949159622191,
    1.2114498284435273,
    1.1269582104969025,
    1.0597487283706666,
    1.0059942027378082,
    0.9685213677692414,
    0.930548921957016,
    0.9059363045024872,
    0.8754501966619491,
    0.8582102702903748,
    0.8408695651245117,
    0.823817598631382,
    0.8101037554979325,
    0.7944178808403015,
    0.7837549313783646,
    0.7663736423540115,
    0.7589355682110787,
    0.7595509689927101,
    0.7542180480241776,
    0.736890693962574,
    0.7325559180116653,
    0.7279590414381027,
    0.7197566335248947
  ],
  "val_loss": [
    1.4161615294456482,
    1.2529950348854064,
    1.2220145845413208,
    1.1579802905082703,
    1.1433484699726104,
    1.1538411172389984,
    1.0996783274173736,
    1.1128715557575226,
    1.1976919575691223,
    1.1154546177864075,
    1.1070851340293884,
    1.1794001216411591,
    1.1013167487621307,
    1.1704100923538208,
    1.177444679260254,
    1.1308521952867507,
    1.1318066635608672,
    1.14615668091774,
    1.1572087776184081,
    1.1928663260936736,
    1.1775253668546677,
    1.2473240871906282,
    1.1745267852544785,
    1.2351775382518768
  ],
  "val_accuracy": [
    49.04,
    55.75,
    57.56,
    59.22,
    59.9,
    59.92,
    61.94,
    62.06,
    60.27,
    62.25,
    62.62,
    60.25,
    63.51,
    61.89,
    62.14,
    63.29,
    63.07,
    62.17,
    62.61,
    61.64,
    62.77,
    62.04,
    62.01,
    61.85
  ],
  "best_val_accuracy": 63.51
}