{
  "hyperparameters": {
    "batch_size": 16,
    "criterion": "crossentropy",
    "net": "baseline",
    "optimizer": "sgd",
    "epochs": 24,
    "learning_rate": 0.001,
    "momentum": 0.9,
    "scheduler": "none",
    "label_smoothing": 0.0,
    "data_augment": false,
    "device": "cuda",
    "temperature": 1.1583530902862549
  },
  "train_loss": [
    2.069333104171753,
    1.5766984892272948,
    1.397084252357483,
    1.2833459939956664,
    1.2044963139724731,
    1.1370454999828339,
    1.0809410760784148,
    1.0368237533569336,
    0.9973743380641937,
    0.9575549740028382,
    0.9176920725822448,
    0.8907699397993087,
    0.855800626859665,
    0.8304933091974258,
    0.8012285474109649,
    0.7716662949800491,
    0.7502951947402954,
    0.7247188806533813,
    0.7007074435472488,
    0.6769754679536819,
    0.6546732744717598,
    0.6306066223597526,
    0.607734360859394,
    0.5921698552823067
  ],
  "val_loss": [
    1.7453407320022583,
    1.48477751121521,
    1.3227801965713502,
    1.2481267085075378,
    1.237608205318451,
    1.1498322226047515,
    1.105356045103073,
    1.100768828010559,
    1.0761631541728973,
    1.0740558899879455,
    1.053792932987213,
    1.0369102421760559,
    1.043589207983017,
    1.0553035121440888,
    1.0286212742328644,
    1.0390699789524078,
    1.0636700984954834,
    1.0642619518995284,
    1.1145485320568085,
    1.0750611635446548,
    1.133267004275322,
    1.1403209794282914,
    1.1367784544706345,
    1.1708431663036347
  ],
  "val_accuracy": [
    34.02,
    46.08,
    52.36,
    55.61,
    55.82,
    58.88,
    60.95,
    61.4,
    61.86,
    62.65,
    63.38,
    64.14,
    64.18,
    63.61,
    64.39,
    65.64,
    64.94,
    64.64,
    63.98,
    64.69,
    64.59,
    64.23,
    64.71,
    64.01
  ],
  "calibrated_val_accuracy": 64.01
}