{
  "hyperparameters": {
    "batch_size": 16,
    "criterion": "crossentropy",
    "net": "baseline",
    "optimizer": "adam",
    "epochs": 100,
    "learning_rate": 0.0003,
    "momentum": 0.9,
    "scheduler": "cosineannealinglr",
    "label_smoothing": 0.0,
    "data_augment": false,
    "normalize_mean": [
      0.5,
      0.5,
      0.5
    ],
    "normalize_std": [
      0.5,
      0.5,
      0.5
    ],
    "seed": 42,
    "device": "cuda",
    "scheduler_t_max": 100,
    "scheduler_eta_min": 0.0
  },
  "train_loss": [
    1.6945432079696656,
    1.4252820453071595,
    1.323306910533905,
    1.2476115785503388,
    1.1873491280269624,
    1.131140115776062,
    1.0813499194335938,
    1.043739068236351,
    1.0053129194068908,
    0.9733504043960571,
    0.9440609259319306,
    0.9137810500526429,
    0.8879266015768051,
    0.8651841601276398,
    0.8389349415397644,
    0.819027275686264,
    0.7962029233789444,
    0.7777187602519989,
    0.7586877339696884,
    0.7394418636369705,
    0.7228717591285706,
    0.704762311694622,
    0.6870771223306655,
    0.673456079390049,
    0.656999129910469,
    0.6413114324784279,
    0.6290391294836998,
    0.6136159329915046,
    0.6026864014720916,
    0.5867492347097397,
    0.573115528960228,
    0.5601570355868339,
    0.5477820993161201,
    0.5341923207616806,
    0.522025500998497,
    0.511109104244709,
    0.4996558231854439,
    0.4873009067320824,
    0.476453748254776,
    0.46516700269579886,
    0.45297432090759276,
    0.44295985735177995,
    0.4347779580748081,
    0.421836775841713,
    0.41311408130705357,
    0.40161904371023177,
    0.39476748313605786,
    0.382647070889473,
    0.37422327474832534,
    0.3647104655498266,
    0.35616583666801455,
    0.3473497435578704,
    0.33855758330464364,
    0.33012134103775026,
    0.3200325701516867,
    0.3141830519837141,
    0.30748128280699255,
    0.2969243738985062,
    0.291378506128788,
    0.2828749391537905,
    0.2756025469359756,
    0.2685016229552031,
    0.26096195078790185,
    0.25520719840168954,
    0.24832564278632402,
    0.24103538399636745,
    0.23445738873392344,
    0.22796715926378966,
    0.2234468128105998,
    0.21719452376157045,
    0.2127375294032693,
    0.20663095993310213,
    0.20118563989400864,
    0.1970199467046559,
    0.19174325629144906,
    0.18745084800958633,
    0.1832801659245789,
    0.17964917188674212,
    0.175834680891335,
    0.17229339987531303,
    0.16887294678419829,
    0.1662244628557563,
    0.1632351260648668,
    0.16056496995821595,
    0.15809685518711805,
    0.1559858422935009,
    0.15354256608337163,
    0.15209278816252947,
    0.15016699289739133,
    0.1485866084778309,
    0.14734071740359067,
    0.14595999918550254,
    0.14494268452703954,
    0.14405740981265902,
    0.1433197545698285,
    0.14261670372486115,
    0.14211823101580143,
    0.14172440593093633,
    0.14145660474315286,
    0.1412771169563383
  ],
  "val_loss": [
    1.4948179925918579,
    1.376246761226654,
    1.2952150437355041,
    1.2638966089248658,
    1.1952709275245665,
    1.1726215420246124,
    1.1482124698638916,
    1.1300418141365052,
    1.076551740169525,
    1.0943546793937684,
    1.0868415586471558,
    1.0679496551990508,
    1.0435201071739197,
    1.072390932226181,
    1.011795448231697,
    1.0428392298698426,
    1.0429881248950958,
    1.031040919303894,
    1.0599806905269622,
    1.0427880320072174,
    1.0636638766527176,
    1.0468332136631011,
    1.0734607545375825,
    1.0556678824186325,
    1.053291718006134,
    1.0709320470809935,
    1.0816520992279053,
    1.0837570445775986,
    1.1166120121479035,
    1.0958105060577392,
    1.1245285903215407,
    1.1713043035030366,
    1.1941228996276856,
    1.162353107905388,
    1.2237965662956238,
    1.1961566599845885,
    1.2175819327354431,
    1.231424019765854,
    1.2363630329370499,
    1.2557555379867553,
    1.2923483761548995,
    1.3518944118261338,
    1.327473723578453,
    1.3338708120822906,
    1.3703246752977372,
    1.3645922475337982,
    1.3926642277240753,
    1.4545096767425536,
    1.4210135987997055,
    1.4669246148824693,
    1.469061034667492,
    1.49704352414608,
    1.520318791794777,
    1.5141802327156066,
    1.5671957111358643,
    1.5680104423046113,
    1.6029408232688904,
    1.6487497800827027,
    1.6564542729377747,
    1.6428960740566254,
    1.6785552816152574,
    1.707598742055893,
    1.747903839802742,
    1.7407100811004639,
    1.763599778342247,
    1.7977678160429,
    1.8302266373753548,
    1.8393758692741393,
    1.873682701611519,
    1.880485202741623,
    1.8934801346063614,
    1.9125774994373321,
    1.9403231678962707,
    1.9498423820734023,
    1.9730515425920487,
    1.9894350734472275,
    2.0212328308343888,
    2.0251456673145296,
    2.0496477448701858,
    2.052074042582512,
    2.0699829822897913,
    2.0756707391262053,
    2.0972880708694457,
    2.104287811970711,
    2.1149559872150423,
    2.1189964862823487,
    2.128628721046448,
    2.135307712841034,
    2.142742356300354,
    2.1488310911655426,
    2.152449973130226,
    2.154006884908676,
    2.1549000158071516,
    2.1583431651592253,
    2.1590040179252625,
    2.160121602511406,
    2.1611400118112565,
    2.162353182053566,
    2.1624674892187117,
    2.1624899739027024
  ],
  "val_accuracy": [
    46.05,
    50.72,
    53.77,
    54.39,
    57.28,
    58.29,
    58.8,
    59.65,
    61.47,
    61.63,
    61.24,
    62.68,
    63.13,
    62.48,
    64.5,
    63.83,
    64.1,
    64.57,
    63.29,
    64.47,
    63.83,
    64.6,
    64.52,
    64.72,
    65.27,
    64.79,
    64.83,
    64.94,
    64.71,
    64.7,
    64.46,
    63.84,
    64.02,
    64.31,
    63.65,
    64.06,
    63.97,
    64.21,
    63.74,
    64.23,
    63.27,
    62.74,
    63.4,
    64.01,
    63.09,
    63.96,
    63.42,
    63.08,
    63.52,
    62.69,
    63.52,
    63.44,
    63.34,
    63.38,
    63.15,
    63.27,
    62.87,
    62.35,
    62.43,
    62.66,
    62.43,
    62.66,
    62.66,
    62.48,
    62.3,
    62.24,
    62.35,
    62.64,
    62.31,
    62.32,
    62.27,
    62.06,
    62.07,
    62.3,
    62.32,
    62.12,
    61.88,
    61.84,
    61.77,
    61.81,
    61.88,
    61.85,
    61.69,
    61.95,
    61.81,
    61.82,
    61.77,
    61.82,
    61.65,
    61.75,
    61.9,
    61.82,
    61.75,
    61.74,
    61.72,
    61.72,
    61.76,
    61.73,
    61.67,
    61.67
  ],
  "best_val_accuracy": 65.27
}