{
  "hyperparameters": {
    "batch_size": 16,
    "criterion": "crossentropy",
    "net": "deep_baseline2_bn",
    "optimizer": "adam",
    "epochs": 100,
    "learning_rate": 0.0003,
    "momentum": 0.9,
    "scheduler": "cosineannealinglr",
    "label_smoothing": 0.0,
    "data_augment": false,
    "normalize_mean": [
      0.5,
      0.5,
      0.5
    ],
    "normalize_std": [
      0.5,
      0.5,
      0.5
    ],
    "seed": 42,
    "device": "cuda",
    "scheduler_t_max": 100,
    "scheduler_eta_min": 0.0
  },
  "train_loss": [
    1.222472659664154,
    0.8020673541069031,
    0.6545232150530815,
    0.5592700827413798,
    0.48581315831780436,
    0.4219097603571415,
    0.3721681976607442,
    0.3267050151067972,
    0.28439948411226273,
    0.24964062241792678,
    0.21787786435090006,
    0.19022331144973637,
    0.16918436240522192,
    0.15255574131790547,
    0.13860946907766164,
    0.1281260610507615,
    0.11194340850371867,
    0.1080542548295064,
    0.10062941651200875,
    0.09702772266016342,
    0.09254237450559624,
    0.08908448800409213,
    0.08216950364209712,
    0.08199228066755458,
    0.0732090822161967,
    0.07226234794975259,
    0.07141488634603331,
    0.0654039400169719,
    0.06453812521409709,
    0.06448349958959967,
    0.059937443734831175,
    0.057533351688703986,
    0.05425152007463388,
    0.05574371096642222,
    0.05196824257914908,
    0.04968013894404285,
    0.047565256926945874,
    0.04606410878797062,
    0.04292400873416569,
    0.04052172758223373,
    0.04088200436307816,
    0.0386821698945621,
    0.03698549976304173,
    0.03535816106918268,
    0.03366447064085631,
    0.03130366018132423,
    0.03210838763453881,
    0.03050246976442635,
    0.027925150246000847,
    0.025244222730108304,
    0.024539985689107563,
    0.02435510008577723,
    0.023285377819109127,
    0.02152481792184408,
    0.019737075611822655,
    0.017480114681591514,
    0.01752731788182864,
    0.015824234139088657,
    0.01590717106440803,
    0.012747753479111707,
    0.01325131843557756,
    0.012645808686451055,
    0.010634962233796832,
    0.010469380571248476,
    0.009178829572093672,
    0.008648184367861831,
    0.007752048447575944,
    0.005545685364123201,
    0.006911500307208626,
    0.005355483468018938,
    0.005508002894584788,
    0.004351596638637711,
    0.0035402573484543246,
    0.004084090803785366,
    0.0030898550995625555,
    0.0037920010020944753,
    0.0027196649123565294,
    0.002483955124070635,
    0.0027502122580818833,
    0.0023057491512375418,
    0.0020646419068111573,
    0.0020545802349213045,
    0.002000114100422943,
    0.0019201551161170938,
    0.0017574184671236435,
    0.0017225852737762033,
    0.0016479618454165756,
    0.0016552882940066046,
    0.0016009913814580069,
    0.001496211910273414,
    0.0015205972587061115,
    0.0014224180416809395,
    0.001430470790131949,
    0.001409323583994992
  ],
  "val_loss": [
    0.8771137964725494,
    0.7436153422594071,
    0.6054964318156243,
    0.5730139338970184,
    0.5632705375671386,
    0.5359672801375389,
    0.518390547055006,
    0.4819589718028903,
    0.4820560545995832,
    0.5260881542354822,
    0.4993370542421937,
    0.4863727805711329,
    0.47577167979031804,
    0.5425507731109858,
    0.5060873978801071,
    0.5495348248645663,
    0.5596002263903618,
    0.5393720703691244,
    0.537085741036199,
    0.5886197837747633,
    0.5750983871214091,
    0.5745129543758929,
    0.5712014240109362,
    0.5581893214140088,
    0.5781266914479435,
    0.6341017485830933,
    0.5951072526240722,
    0.5929319843996316,
    0.5913898431178183,
    0.6186864577628672,
    0.5744760912960395,
    0.6018495080925524,
    0.5965430417973548,
    0.612129498142004,
    0.5987168635876849,
    0.6548335379488767,
    0.6543728939975612,
    0.5960140931168572,
    0.6390440728895366,
    0.6375605695522856,
    0.6466857571098954,
    0.6273489912079182,
    0.6194738714484498,
    0.601039553271234,
    0.6352141558494419,
    0.6269619101299905,
    0.625048955954425,
    0.5930071068504825,
    0.6317369114480913,
    0.6189890474963933,
    0.6423865344749764,
    0.6112604272196069,
    0.6150192073177546,
    0.6584769520409405,
    0.6573998269620933,
    0.647942074441351,
    0.6288661254781298,
    0.654029406063445,
    0.640594133691024,
    0.6439967968020588,
    0.6127310507100076,
    0.6432603880371899,
    0.6219165609039367,
    0.5897524248044937,
    0.6381405447759666,
    0.6145345584005117,
    0.5822649511765688,
    0.6297211777397431,
    0.5916615232530982,
    0.5938221950910986,
    0.6008163132466375,
    0.5841254004731774,
    0.5914121443096548,
    0.5573529189642519,
    0.5796862496502697,
    0.5479146035369485,
    0.5512734740860761,
    0.543739489268139,
    0.5221505022719503,
    0.5248012653768063,
    0.522827635595575,
    0.5033541151724755,
    0.5079733525279909,
    0.5017102041181177,
    0.5036611936476082,
    0.5021082930471749,
    0.48475456680729984,
    0.5065812889214605,
    0.48804109949730334,
    0.48755518854670227,
    0.48394188245385883,
    0.48574769832454623,
    0.478104551807791,
    0.4817901472831145
  ],
  "val_accuracy": [
    68.84,
    74.2,
    79.68,
    80.96,
    80.45,
    81.83,
    82.15,
    84.1,
    84.35,
    83.56,
    84.27,
    85.47,
    85.32,
    84.49,
    85.22,
    84.82,
    85.05,
    84.79,
    85.38,
    84.78,
    84.92,
    85.09,
    85.02,
    85.32,
    85.4,
    84.62,
    84.93,
    84.99,
    84.76,
    84.93,
    85.33,
    85.02,
    85.42,
    84.96,
    85.31,
    84.97,
    84.96,
    85.74,
    84.59,
    84.93,
    84.95,
    85.25,
    85.62,
    85.56,
    85.62,
    85.61,
    85.57,
    86.19,
    85.45,
    85.47,
    85.44,
    85.99,
    85.61,
    85.58,
    85.77,
    85.85,
    85.99,
    85.98,
    85.71,
    86.08,
    86.18,
    85.81,
    85.7,
    86.45,
    85.66,
    85.87,
    86.63,
    86.33,
    86.26,
    86.42,
    86.05,
    86.49,
    86.3,
    86.61,
    86.09,
    86.85,
    86.42,
    86.79,
    87.23,
    87.1,
    87.07,
    87.16,
    87.1,
    87.14,
    87.4,
    87.17,
    87.17,
    87.07,
    87.32,
    87.39,
    87.34,
    87.22,
    87.47,
    87.45
  ],
  "best_val_accuracy": 87.47
}