{
  "hyperparameters": {
    "batch_size": 16,
    "criterion": "crossentropy",
    "net": "deep_baseline",
    "optimizer": "adam",
    "epochs": 20,
    "learning_rate": 0.0003,
    "momentum": 0.9,
    "scheduler": "cosineannealinglr",
    "label_smoothing": 0.0,
    "data_augment": true,
    "normalize_mean": [
      0.5,
      0.5,
      0.5
    ],
    "normalize_std": [
      0.5,
      0.5,
      0.5
    ],
    "seed": 42,
    "device": "cuda",
    "scheduler_t_max": 20,
    "scheduler_eta_min": 0.0
  },
  "train_loss": [
    1.8530986003875733,
    1.484809713897705,
    1.2848786790275575,
    1.1691677888584138,
    1.0685698178863525,
    0.984683785738945,
    0.9071436509990692,
    0.8455871621751785,
    0.7898324706935883,
    0.7444979878735543,
    0.6985300968718529,
    0.6662427474045753,
    0.6339017514848709,
    0.6056095976829529,
    0.5809542948818207,
    0.5561644930052757,
    0.5375606719684601,
    0.5253347972559929,
    0.5129086636173725,
    0.5124195711004734
  ],
  "val_loss": [
    1.6253222034454347,
    1.2386077244758606,
    1.1418544506549835,
    1.0462025747776031,
    0.9588457673072815,
    0.8377435344934463,
    0.793521702504158,
    0.736598609495163,
    0.7329887271642684,
    0.6577976498126984,
    0.608763864326477,
    0.6412020337820054,
    0.5642131934165955,
    0.5641870935380459,
    0.546671272957325,
    0.5189173631191254,
    0.5104616667747498,
    0.5059997540473938,
    0.5013645816385746,
    0.5001902534842492
  ],
  "val_accuracy": [
    39.82,
    54.66,
    57.85,
    61.99,
    64.62,
    70.3,
    72.11,
    74.07,
    74.89,
    77.61,
    78.86,
    77.79,
    80.61,
    80.69,
    81.26,
    82.01,
    82.46,
    82.51,
    82.68,
    82.84
  ],
  "best_val_accuracy": 82.84
}