{
  "hyperparameters": {
    "batch_size": 16,
    "criterion": "crossentropy",
    "net": "deep_baseline",
    "optimizer": "adam",
    "epochs": 20,
    "learning_rate": 0.0003,
    "momentum": 0.9,
    "scheduler": "cosineannealinglr",
    "label_smoothing": 0.05,
    "data_augment": true,
    "cutmix": false,
    "normalize_mean": [
      0.5,
      0.5,
      0.5
    ],
    "normalize_std": [
      0.5,
      0.5,
      0.5
    ],
    "seed": 42,
    "weight_init": true,
    "device": "cuda",
    "scheduler_t_max": 20,
    "scheduler_eta_min": 0.0
  },
  "train_loss": [
    1.6461113359069823,
    1.2548240182876587,
    1.09119082447052,
    0.9989756394672393,
    0.929952804927826,
    0.8765591639041901,
    0.8393903365802765,
    0.8045967071533203,
    0.7696795997428894,
    0.7406832694911957,
    0.7151307063961029,
    0.6853654261112213,
    0.6604551704502105,
    0.6406893331050872,
    0.6190941963481903,
    0.5983535588169098,
    0.5810885935401916,
    0.569456029548645,
    0.5606325823307038,
    0.5544055539321899
  ],
  "val_loss": [
    1.3031987350463867,
    1.0539630242347717,
    0.9740616480827331,
    0.8638891868114471,
    0.8243045887947082,
    0.8076497284412384,
    0.7490881600379944,
    0.7541332332611084,
    0.7301995703697205,
    0.6839556434631348,
    0.6792170622348785,
    0.6662317314624786,
    0.6518082928657531,
    0.6228020644187927,
    0.6231877210617065,
    0.6165468560218811,
    0.6013219913482666,
    0.5922980809211731,
    0.5922319140434266,
    0.5892457236766815
  ],
  "val_accuracy": [
    58.1,
    68.66,
    72.71,
    77.47,
    78.86,
    79.36,
    81.88,
    81.66,
    82.61,
    84.55,
    85.04,
    85.06,
    85.77,
    86.96,
    86.74,
    87.06,
    87.73,
    88.21,
    88.39,
    88.35
  ],
  "best_val_accuracy": 88.39
}