{
  "hyperparameters": {
    "batch_size": 16,
    "criterion": "crossentropy",
    "net": "deep_baseline",
    "optimizer": "adam",
    "epochs": 20,
    "learning_rate": 0.0003,
    "momentum": 0.9,
    "scheduler": "cosineannealinglr",
    "label_smoothing": 0.0,
    "data_augment": false,
    "normalize_mean": [
      0.5,
      0.5,
      0.5
    ],
    "normalize_std": [
      0.5,
      0.5,
      0.5
    ],
    "seed": 42,
    "device": "cuda",
    "scheduler_t_max": 20,
    "scheduler_eta_min": 0.0
  },
  "train_loss": [
    1.6308202614212035,
    1.143089156188965,
    0.9400881009292602,
    0.7879704431724548,
    0.6607056024563313,
    0.5568645634448528,
    0.4665811267375946,
    0.380024657022953,
    0.2995270251262188,
    0.22240319583252072,
    0.15633884821236133,
    0.10384753822380677,
    0.06545202270938083,
    0.03770400608418742,
    0.019703825064772973,
    0.00983772472331475,
    0.005122377005349845,
    0.0028029107534355718,
    0.0020969667769095393,
    0.0017384540237073089
  ],
  "val_loss": [
    1.2941826148033142,
    1.0625693105697631,
    0.8894121623277664,
    0.8060083115577698,
    0.7023535971999169,
    0.7951961567282677,
    0.6307289676308632,
    0.6259442847013473,
    0.6308053974151612,
    0.6998158320486546,
    0.7316836319476366,
    0.8239191607266665,
    0.8454712848173455,
    0.9323195903621614,
    1.0259526006357744,
    1.0982360901892185,
    1.0742924762573094,
    1.0963971272516064,
    1.1055808395673987,
    1.1138650609192438
  ],
  "val_accuracy": [
    52.08,
    61.0,
    68.18,
    71.89,
    75.63,
    74.15,
    78.91,
    79.1,
    79.9,
    79.61,
    79.89,
    80.07,
    80.21,
    80.79,
    80.28,
    80.63,
    81.22,
    81.2,
    81.35,
    81.34
  ],
  "best_val_accuracy": 81.35
}