{
  "hyperparameters": {
    "batch_size": 16,
    "criterion": "crossentropy",
    "net": "deep_baseline2_bn_residual",
    "optimizer": "adam",
    "epochs": 100,
    "learning_rate": 0.0003,
    "momentum": 0.9,
    "scheduler": "cosineannealinglr",
    "label_smoothing": 0.0,
    "data_augment": false,
    "normalize_mean": [
      0.5,
      0.5,
      0.5
    ],
    "normalize_std": [
      0.5,
      0.5,
      0.5
    ],
    "seed": 42,
    "device": "cuda",
    "scheduler_t_max": 100,
    "scheduler_eta_min": 0.0
  },
  "train_loss": [
    1.2047412497758865,
    0.7844321384215355,
    0.6413915870904923,
    0.5490803594374657,
    0.4636143024420738,
    0.40714140766710044,
    0.349749002174139,
    0.30019086293183267,
    0.260594740120396,
    0.22714401103314014,
    0.1978460961284861,
    0.17906582014508546,
    0.1556150129044056,
    0.1417233550447598,
    0.13397788314360193,
    0.1206119118978735,
    0.11075252995504066,
    0.10440989500939846,
    0.10476175022342242,
    0.09424485341977328,
    0.0919367406470934,
    0.08894966737334617,
    0.08512842621210032,
    0.07930537505433895,
    0.07656555041453801,
    0.07114970006202348,
    0.07171393460943597,
    0.06864132950895001,
    0.06833097041969653,
    0.06330816510496429,
    0.06299345013371437,
    0.05849693548751529,
    0.057355395859899,
    0.0557637130885222,
    0.054925107391595375,
    0.05045289308187435,
    0.04988771875633858,
    0.04923007300599478,
    0.04476889452710049,
    0.044584120586970824,
    0.04376599486329243,
    0.039413673712324813,
    0.037328875990826633,
    0.03737365837882506,
    0.03568750431968714,
    0.03369859197974322,
    0.03228556536572054,
    0.0315218244950386,
    0.028709014524775558,
    0.029305123851164246,
    0.025468880520279055,
    0.025826583959679118,
    0.02451179107319913,
    0.02246808594536269,
    0.020121949120835633,
    0.019785000616440084,
    0.017849880910874926,
    0.01856866097285936,
    0.017025514531781374,
    0.015459980448287097,
    0.014271606078823097,
    0.013057890995423949,
    0.011759987605906208,
    0.010554391361562302,
    0.009503886019702186,
    0.008935257447601761,
    0.007949870297278394,
    0.008160000423705788,
    0.007005160454489523,
    0.0061710726254011385,
    0.005071106081316248,
    0.005412743732476374,
    0.003989331058730022,
    0.004704651052837435,
    0.003557007899985765,
    0.003317226944869035,
    0.0033632007640216036,
    0.0023312212929484668,
    0.002364052925733267,
    0.0023415673616417917,
    0.002194892786486307,
    0.002149642878632294,
    0.0019184996378351935,
    0.0019288952259230428,
    0.001611988383695716,
    0.001716119456513552,
    0.0015035864557069727,
    0.0015582721366628539,
    0.0015735488026356324,
    0.001410775401307037,
    0.0014173618371004703,
    0.0013349413221748546,
    0.0013189219783293084,
    0.0013520770760462619,
    0.001276645872851368,
    0.0012599611273477786,
    0.0012354625906189905,
    0.0012210543416754807,
    0.001254512120075524,
    0.0011836384192551487
  ],
  "val_loss": [
    0.8896565690994263,
    0.768755432343483,
    0.5933523265242576,
    0.5909995855808258,
    0.6247350596129895,
    0.5505395215392113,
    0.47966849550902846,
    0.5378505249708891,
    0.5092163048066198,
    0.5452679062724114,
    0.4950621818512678,
    0.48588383553177117,
    0.46234131649658083,
    0.4712430622294545,
    0.471701168887876,
    0.515411154460907,
    0.5214834838842973,
    0.4989098904471844,
    0.4970759899940342,
    0.5585649041827768,
    0.5121967420748434,
    0.5266768091946841,
    0.546125118464604,
    0.5061366794930771,
    0.49633190578268843,
    0.5630955451495946,
    0.6117847358370665,
    0.5321983280025423,
    0.5574017220620066,
    0.535799084280245,
    0.5356223877053707,
    0.5668102281691506,
    0.5217895193183795,
    0.5708912122151815,
    0.598890275620576,
    0.6235389889592304,
    0.5751330921363551,
    0.5715993848638609,
    0.5426561383047142,
    0.5561731177886017,
    0.589294342443347,
    0.5523774057344534,
    0.5738633750144392,
    0.5734383393824101,
    0.6122454265635461,
    0.5822688334813342,
    0.6358007947660983,
    0.5811388968166895,
    0.5572016054005362,
    0.548909139129147,
    0.5632247276132927,
    0.5729795432057232,
    0.5462739495498594,
    0.5853956036471761,
    0.6398976362551563,
    0.5595296246428973,
    0.5991948320448398,
    0.6083178648338653,
    0.6241382150641177,
    0.5687379120127298,
    0.5572196457382291,
    0.5856520222755149,
    0.5814830238327384,
    0.5830343355091289,
    0.5946980754437856,
    0.5529179933883249,
    0.5679591456722468,
    0.5988443005999085,
    0.5559428054216318,
    0.553558157293871,
    0.5514598834534176,
    0.5596622303386918,
    0.5481353323551826,
    0.5216472716329154,
    0.5829734517114237,
    0.5406681825755164,
    0.5346560070964508,
    0.5205408717772924,
    0.5099123875553719,
    0.501082979208976,
    0.49966838236786426,
    0.49469485486401243,
    0.4843486746298149,
    0.4693706329304725,
    0.47004218631908296,
    0.4707427317621186,
    0.46780695672761646,
    0.46599243270102886,
    0.47296924481764435,
    0.4673214407948777,
    0.4639250447669998,
    0.4556670554516837,
    0.4598155800554901,
    0.4560122994121164,
    0.45721519101466984,
    0.45883008233923467,
    0.4572038823317736,
    0.4601733257241547,
    0.45779714873321353,
    0.45454978676680474
  ],
  "val_accuracy": [
    69.12,
    72.87,
    79.33,
    80.01,
    79.12,
    81.53,
    83.85,
    83.49,
    83.96,
    83.24,
    84.86,
    84.87,
    85.97,
    85.71,
    86.02,
    85.01,
    85.53,
    86.07,
    86.13,
    85.04,
    85.99,
    85.83,
    85.66,
    86.51,
    86.25,
    86.05,
    84.73,
    86.08,
    86.03,
    86.15,
    86.33,
    85.19,
    85.86,
    85.87,
    84.89,
    84.93,
    86.06,
    85.85,
    86.28,
    86.41,
    86.28,
    86.7,
    86.16,
    86.77,
    85.8,
    86.3,
    85.38,
    86.71,
    86.68,
    86.94,
    86.63,
    86.58,
    87.25,
    86.06,
    85.79,
    86.77,
    86.37,
    86.73,
    86.22,
    86.83,
    87.08,
    87.02,
    86.82,
    86.99,
    86.7,
    87.35,
    86.79,
    86.76,
    87.18,
    87.29,
    87.29,
    87.06,
    87.09,
    87.05,
    86.3,
    87.5,
    87.5,
    87.61,
    87.42,
    87.73,
    87.76,
    88.01,
    88.05,
    88.01,
    88.3,
    88.22,
    88.1,
    88.05,
    88.22,
    88.19,
    88.23,
    88.33,
    88.37,
    88.25,
    88.29,
    88.29,
    88.22,
    88.17,
    88.38,
    88.43
  ],
  "best_val_accuracy": 88.43
}