{
  "hyperparameters": {
    "batch_size": 16,
    "criterion": "crossentropy",
    "net": "deep_baseline2_bn_residual_preact",
    "optimizer": "adam",
    "epochs": 20,
    "learning_rate": 0.0003,
    "momentum": 0.9,
    "scheduler": "cosineannealinglr",
    "label_smoothing": 0.0,
    "data_augment": false,
    "normalize_mean": [
      0.5,
      0.5,
      0.5
    ],
    "normalize_std": [
      0.5,
      0.5,
      0.5
    ],
    "seed": 42,
    "device": "cuda",
    "scheduler_t_max": 20,
    "scheduler_eta_min": 0.0
  },
  "train_loss": [
    1.2121146720814704,
    0.7698607745695114,
    0.6235506497693062,
    0.5222207606637478,
    0.43983871576607225,
    0.36431130605995654,
    0.2999198146511614,
    0.23923021706059575,
    0.18433541843555867,
    0.13637880280922168,
    0.0980325595671311,
    0.06643018211695831,
    0.04796518989413977,
    0.02879398088528309,
    0.01712079023105907,
    0.010656257594770286,
    0.0058939112681924595,
    0.004213550251890556,
    0.003197473833737313,
    0.0027643662051158027
  ],
  "val_loss": [
    0.8957590200185775,
    0.7211927379369736,
    0.6717383703947067,
    0.6070645216226578,
    0.5763690504789353,
    0.5799073519051074,
    0.5387612165808677,
    0.5217048288233578,
    0.5780481591820716,
    0.5756301434740424,
    0.5583023299984634,
    0.6182606109634042,
    0.6215805936276912,
    0.6183185904657468,
    0.6246637385644018,
    0.6060520815648138,
    0.5849438012422994,
    0.5719853133004159,
    0.5672173543229699,
    0.5634541089687496
  ],
  "val_accuracy": [
    69.19,
    75.33,
    77.07,
    78.88,
    81.11,
    82.03,
    82.62,
    83.85,
    83.11,
    84.04,
    84.98,
    85.09,
    85.13,
    84.85,
    85.92,
    85.86,
    86.56,
    86.89,
    86.88,
    87.07
  ],
  "best_val_accuracy": 87.07
}