{
  "hyperparameters": {
    "batch_size": 16,
    "criterion": "crossentropy",
    "net": "deep_baseline2_bn",
    "optimizer": "adam",
    "epochs": 20,
    "learning_rate": 0.0003,
    "momentum": 0.9,
    "scheduler": "cosineannealinglr",
    "label_smoothing": 0.0,
    "data_augment": false,
    "normalize_mean": [
      0.5,
      0.5,
      0.5
    ],
    "normalize_std": [
      0.5,
      0.5,
      0.5
    ],
    "seed": 42,
    "device": "cuda",
    "scheduler_t_max": 20,
    "scheduler_eta_min": 0.0
  },
  "train_loss": [
    1.2070218889904023,
    0.7819031169104577,
    0.6416533608269691,
    0.5484654118478298,
    0.46657171936571595,
    0.40125811349406837,
    0.33077573760837314,
    0.2739955976013839,
    0.21622999617025257,
    0.16030547156408428,
    0.1203575699653104,
    0.0767233405389171,
    0.05191633986954112,
    0.03211562923928374,
    0.01756303104279912,
    0.00934614247923193,
    0.004733263062027691,
    0.0027579560268195928,
    0.0017629865238840284,
    0.0014560104716999922
  ],
  "val_loss": [
    0.8745335687637329,
    0.8216877192258835,
    0.653012712264061,
    0.6019686464905739,
    0.5493420358180999,
    0.6617809732794762,
    0.4775947408080101,
    0.5023847363762558,
    0.5309854839563369,
    0.49340270883440973,
    0.48303407916240393,
    0.5264810585848987,
    0.5557250610822811,
    0.5743944822689052,
    0.5623575567091582,
    0.5389505999999121,
    0.5412642269135453,
    0.5197802320205374,
    0.5007983094175579,
    0.4946137026744196
  ],
  "val_accuracy": [
    69.05,
    70.96,
    77.37,
    79.34,
    81.77,
    78.85,
    84.08,
    84.52,
    83.66,
    85.71,
    85.64,
    85.91,
    86.28,
    86.16,
    86.95,
    87.78,
    87.93,
    88.13,
    88.41,
    88.31
  ],
  "best_val_accuracy": 88.41
}