{
  "hyperparameters": {
    "batch_size": 16,
    "criterion": "crossentropy",
    "net": "deep_baseline_bn",
    "optimizer": "adam",
    "epochs": 100,
    "learning_rate": 0.0003,
    "momentum": 0.9,
    "scheduler": "cosineannealinglr",
    "label_smoothing": 0.0,
    "data_augment": false,
    "normalize_mean": [
      0.5,
      0.5,
      0.5
    ],
    "normalize_std": [
      0.5,
      0.5,
      0.5
    ],
    "seed": 42,
    "device": "cuda",
    "scheduler_t_max": 100,
    "scheduler_eta_min": 0.0
  },
  "train_loss": [
    1.1851513836574554,
    0.7599429194164277,
    0.6205405931353569,
    0.5201453732466698,
    0.4478126547521353,
    0.3850974989616871,
    0.3384045269984007,
    0.28427996656239035,
    0.2552553915052116,
    0.21900473831653594,
    0.19329424686416985,
    0.1692773427361995,
    0.15591540513679386,
    0.138154237055555,
    0.12788878042273225,
    0.12114295189691708,
    0.11003459919404239,
    0.10512694207593799,
    0.09625628575736657,
    0.09348913630734663,
    0.09236345555547625,
    0.08649855497502722,
    0.08231029273720923,
    0.07669022513650357,
    0.07737370986598543,
    0.07098588336924556,
    0.07199462829352822,
    0.06934223461736226,
    0.0632272135352064,
    0.06396089228853816,
    0.05830036154160509
  ],
  "val_loss": [
    0.8627306243419647,
    0.7129800148963928,
    0.6445852267980575,
    0.5820262503445148,
    0.5489808825850486,
    0.5658358362615108,
    0.6357153567433357,
    0.6273331328481436,
    0.505735517629981,
    0.5679966719269752,
    0.5359931958764792,
    0.5511415876597167,
    0.5000513924404979,
    0.5667060176670551,
    0.8187005631238222,
    0.6191188578594476,
    0.6103458506636321,
    0.5678005029421299,
    0.6236196289472282,
    0.6250851741276682,
    0.5648677317142486,
    0.6293962801253423,
    0.6169272621907294,
    0.6967944181725383,
    0.5971267654493451,
    0.6452832383625209,
    0.6008659092213958,
    0.7123183490768075,
    0.6049130423948169,
    0.6376294712923467,
    0.6597871899803635
  ],
  "val_accuracy": [
    69.31,
    75.58,
    78.24,
    80.02,
    80.96,
    81.68,
    79.43,
    81.04,
    83.72,
    82.79,
    83.97,
    83.65,
    85.13,
    84.24,
    79.14,
    83.63,
    83.56,
    85.25,
    83.52,
    84.18,
    84.54,
    83.55,
    84.24,
    82.75,
    84.6,
    84.21,
    84.79,
    83.2,
    85.24,
    84.44,
    83.69
  ],
  "best_val_accuracy": 85.25
}