{
  "hyperparameters": {
    "batch_size": 16,
    "criterion": "crossentropy",
    "net": "deep_baseline",
    "optimizer": "adam",
    "epochs": 20,
    "learning_rate": 0.0003,
    "momentum": 0.9,
    "scheduler": "cosineannealinglr",
    "label_smoothing": 0.0,
    "data_augment": true,
    "cutmix": true,
    "normalize_mean": [
      0.5,
      0.5,
      0.5
    ],
    "normalize_std": [
      0.5,
      0.5,
      0.5
    ],
    "seed": 42,
    "weight_init": true,
    "device": "cuda",
    "scheduler_t_max": 20,
    "scheduler_eta_min": 0.0
  },
  "train_loss": [
    1.8112466644477845,
    1.5038021011734009,
    1.3465327186107636,
    1.257714772977829,
    1.189462564315796,
    1.1301235289525986,
    1.1124490421676636,
    1.071471620938778,
    1.0287709820938111,
    1.0146358868408203,
    0.9845973321914673,
    0.9629961866927147,
    0.9351559855246544,
    0.8887947451829911,
    0.8926883581602574,
    0.8657148049950599,
    0.8645869865632058,
    0.835232392796278,
    0.8497562684750557,
    0.8160958058726787
  ],
  "val_loss": [
    1.289865220451355,
    0.9883019983291625,
    0.829530153131485,
    0.7201826100111007,
    0.7030991790771485,
    0.6408464902400971,
    0.635428183722496,
    0.5751901228666305,
    0.5591186684846878,
    0.5248116385579109,
    0.5270724161624909,
    0.4676139033913612,
    0.44915153707265854,
    0.44220695147514344,
    0.43314832220077515,
    0.41437399693727495,
    0.40618373493552207,
    0.39353789437413217,
    0.39047104583978653,
    0.38946604167222976
  ],
  "val_accuracy": [
    52.9,
    66.27,
    71.76,
    75.33,
    76.04,
    78.61,
    78.37,
    80.89,
    81.48,
    82.63,
    81.85,
    84.31,
    85.02,
    85.0,
    85.74,
    85.68,
    86.45,
    86.68,
    86.7,
    86.83
  ],
  "best_val_accuracy": 86.83
}