{
  "hyperparameters": {
    "batch_size": 128,
    "criterion": "crossentropy",
    "net": "deep_baseline_bn",
    "optimizer": "adam",
    "epochs": 100,
    "learning_rate": 0.001,
    "momentum": 0.9,
    "scheduler": "cosineannealinglr",
    "label_smoothing": 0.05,
    "data_augment": true,
    "cutmix": true,
    "normalize_mean": [
      0.5,
      0.5,
      0.5
    ],
    "normalize_std": [
      0.5,
      0.5,
      0.5
    ],
    "seed": 42,
    "weight_init": true,
    "device": "cuda",
    "early_stopping": false,
    "early_stopping_patience": null,
    "scheduler_t_max": 100,
    "scheduler_eta_min": 0.0
  },
  "train_loss": [
    3.8229360748130037,
    1.9435270055175742,
    1.811569267221729,
    1.6503265483300094,
    1.5865467457515199,
    1.526838280355839,
    1.500319657118424,
    1.4611195513354542,
    1.4039838132650957,
    1.3950113079432027,
    1.3426096570461303,
    1.348988517775865,
    1.3495566687925393,
    1.3058078810382072,
    1.2568849407498488,
    1.267959651739701,
    1.2288556851999228,
    1.215695290004506,
    1.2056261968734625,
    1.1450971058567467,
    1.1578623667702346,
    1.1781369536124227,
    1.1453907111721575,
    1.1632355312862055,
    1.1277982807525284,
    1.1323007549471258,
    1.092912516325636,
    1.1315044801863259,
    1.0926303464128537,
    1.124979720396154,
    1.0615805940859764,
    1.097902396755755,
    1.0905313871400741,
    1.0707813748313337,
    1.040789970351607,
    1.0472143257365507,
    1.0539804991248929,
    1.0250119147703165,
    1.0652128409241777,
    1.0156215266193576,
    1.036489855297996,
    1.0295215476199489,
    1.0338959546040392,
    0.9766780797325437,
    1.0233956203436303,
    1.0264579742156026,
    1.034422613699418,
    1.0203054698989213,
    0.9492141077737979,
    1.010522608866777,
    1.0030842840366656,
    0.9791912681916181,
    0.9949408474633151,
    0.9324744169212058,
    0.9777736786533805,
    0.9451150087749257,
    0.957740991621676,
    0.9315024067831161,
    0.9186297842608694,
    0.9360967711414523,
    0.9648145613310587,
    0.9042762420366487,
    0.9277662262892175,
    0.9088179139834841,
    0.9041724422246294,
    0.903963286019957,
    0.8470837134686883,
    0.868403711206163,
    0.8761764132915555,
    0.890685749633233,
    0.9259549279499542,
    0.8724482586164304,
    0.8500933083884247,
    0.8814600817382793,
    0.8498152175065502,
    0.8512577862690782,
    0.8399285208386229,
    0.8797907971817515,
    0.8492529438737103,
    0.8509468422521411,
    0.8476730610251122,
    0.8146989898913352,
    0.8059511835617788,
    0.855243469366942,
    0.8076099167242075,
    0.8400746738666769,
    0.8734155885703728,
    0.8144215477244628,
    0.8089548962195511,
    0.8145453891028529,
    0.8350319398943421,
    0.8231912098272377,
    0.7734412329885966,
    0.8324936268579625,
    0.8101350795429991,
    0.8191477458952637,
    0.8168887197209136,
    0.784154133037533,
    0.8244835551437515,
    0.8307590756727301
  ],
  "val_loss": [
    1.8246720576588111,
    1.624131515056272,
    1.490809060350249,
    1.3314023983629444,
    1.3536351979533328,
    1.2120339463028726,
    1.0880497603476802,
    1.0762152792532234,
    1.0109505132783818,
    1.0817827627628664,
    1.0299968289423593,
    0.9033899080904224,
    0.9576973009713089,
    0.9546568076821822,
    0.8469482494305961,
    0.8716629736031158,
    0.902120698856402,
    0.8881668916231469,
    0.8146782811683945,
    0.7348390644109701,
    0.7699924156635622,
    0.7547777121580099,
    0.7925873693031601,
    0.7877257873740378,
    0.7695192362688765,
    0.7177818372279783,
    0.7466636662241779,
    0.7036354322976703,
    0.709399903876872,
    0.7150998881346062,
    0.7369267352019684,
    0.7196992416925068,
    0.698829710483551,
    0.6719051539143429,
    0.7223962303958361,
    0.6902318264864669,
    0.6941242199155349,
    0.6824732807618153,
    0.7086406297321561,
    0.6836952785902386,
    0.6512214337723164,
    0.6501635614829727,
    0.6599636839914925,
    0.6588969766339169,
    0.660110778446439,
    0.6412221819539613,
    0.7060220988490914,
    0.627592501006549,
    0.6280853378621838,
    0.6168039082726345,
    0.6423268797276895,
    0.6284930411773392,
    0.6478228719928597,
    0.590245913101148,
    0.6030859177625632,
    0.6182559924789622,
    0.5962667148324508,
    0.6120149244236041,
    0.5989584711533559,
    0.6007503565353683,
    0.6188855239107639,
    0.5939347080037564,
    0.5853209578538243,
    0.5745481252670288,
    0.6281812455080733,
    0.579806586609611,
    0.5549683589724046,
    0.5743011919003499,
    0.5771971782551536,
    0.5799916646903074,
    0.5736642638339272,
    0.6161957692496384,
    0.5646412734743915,
    0.6098702067061316,
    0.5501937541780593,
    0.5846405972408343,
    0.5519180724137946,
    0.5622708412665355,
    0.5251634256749214,
    0.523156658758091,
    0.5443453592590138,
    0.5737118736098085,
    0.5406268303152881,
    0.568832254485239,
    0.5315836811367469,
    0.5444383440138418,
    0.5629778734490841,
    0.5117117887056326,
    0.573258313951613,
    0.5279773828349535,
    0.534009772388241,
    0.5391551690011085,
    0.5307570752463763,
    0.5711416089082066,
    0.5266278288032435,
    0.5506248975856395,
    0.519526204730891,
    0.5161791164663774,
    0.5461918606033808,
    0.537215926601917
  ],
  "val_accuracy": [
    35.2,
    45.72,
    51.01,
    57.72,
    56.95,
    63.19,
    68.36,
    69.07,
    71.84,
    68.76,
    71.44,
    76.02,
    73.98,
    73.98,
    78.12,
    77.44,
    76.44,
    76.32,
    79.5,
    82.8,
    81.75,
    82.62,
    80.78,
    81.2,
    82.77,
    83.62,
    82.99,
    83.75,
    83.96,
    83.31,
    82.6,
    83.43,
    84.64,
    85.25,
    82.78,
    84.79,
    85.38,
    85.04,
    84.96,
    85.26,
    87.22,
    87.32,
    85.58,
    86.39,
    87.05,
    87.19,
    85.66,
    88.01,
    87.68,
    88.16,
    87.17,
    87.89,
    88.28,
    88.55,
    88.46,
    87.79,
    88.94,
    88.49,
    88.97,
    88.83,
    88.69,
    89.65,
    89.56,
    89.88,
    88.61,
    89.88,
    90.28,
    89.92,
    90.23,
    90.06,
    90.23,
    89.74,
    90.76,
    89.95,
    91.02,
    90.72,
    90.91,
    91.11,
    91.23,
    91.32,
    91.48,
    91.23,
    91.32,
    91.36,
    91.53,
    91.49,
    91.63,
    91.85,
    91.67,
    91.75,
    91.91,
    91.8,
    91.94,
    91.71,
    91.91,
    91.93,
    91.96,
    91.89,
    91.89,
    91.99
  ],
  "best_val_accuracy": 91.99,
  "early_stopped": false
}