{
  "hyperparameters": {
    "batch_size": 16,
    "criterion": "crossentropy",
    "net": "deep_baseline2_bn_resnext",
    "optimizer": "adam",
    "epochs": 20,
    "learning_rate": 0.0003,
    "momentum": 0.9,
    "scheduler": "cosineannealinglr",
    "label_smoothing": 0.0,
    "data_augment": false,
    "cutmix": false,
    "normalize_mean": [
      0.5,
      0.5,
      0.5
    ],
    "normalize_std": [
      0.5,
      0.5,
      0.5
    ],
    "seed": 42,
    "weight_init": false,
    "device": "cuda",
    "scheduler_t_max": 20,
    "scheduler_eta_min": 0.0
  },
  "train_loss": [
    1.1877766593742372,
    0.7438974355602265,
    0.6035085561609268,
    0.5018143122071028,
    0.4189318431264162,
    0.3545952753408253,
    0.29314524470202624,
    0.2310990482378751,
    0.1806450922805071,
    0.12953592053797097,
    0.09611291927379556,
    0.06785748241141905,
    0.04385665371589246,
    0.02884507583607512,
    0.01640026048925938,
    0.008534335264926775,
    0.005016734864391619,
    0.0031736326345580164,
    0.0018691139383797417,
    0.001526948770663439
  ],
  "val_loss": [
    0.8833282698869706,
    0.6654027455806732,
    0.6199734619021415,
    0.5690885100483895,
    0.5719028444409371,
    0.5155616418972612,
    0.4954961928665638,
    0.491369033446908,
    0.5292384392380715,
    0.5113382545925677,
    0.5406324716299772,
    0.5499762594886124,
    0.5783506100796163,
    0.5823996048949659,
    0.5878977989912965,
    0.5852853206953034,
    0.5869514473680174,
    0.5806099245673512,
    0.560678275780892,
    0.5609549725227989
  ],
  "val_accuracy": [
    69.34,
    76.3,
    78.77,
    80.73,
    80.83,
    82.97,
    83.6,
    84.2,
    84.24,
    84.79,
    85.08,
    85.26,
    85.62,
    86.19,
    86.31,
    87.18,
    87.39,
    87.46,
    87.42,
    87.53
  ],
  "best_val_accuracy": 87.53
}