{
  "hyperparameters": {
    "batch_size": 16,
    "criterion": "crossentropy",
    "net": "deep_baseline",
    "optimizer": "adam",
    "epochs": 20,
    "learning_rate": 0.0003,
    "momentum": 0.9,
    "scheduler": "cosineannealinglr",
    "label_smoothing": 0.0,
    "data_augment": true,
    "cutmix": true,
    "normalize_mean": [
      0.5,
      0.5,
      0.5
    ],
    "normalize_std": [
      0.5,
      0.5,
      0.5
    ],
    "seed": 42,
    "weight_init": false,
    "device": "cuda",
    "scheduler_t_max": 20,
    "scheduler_eta_min": 0.0
  },
  "train_loss": [
    2.0149278942489626,
    1.807154098777771,
    1.6644434124946594,
    1.556931049976349,
    1.4862744730567932,
    1.4149552746105194,
    1.3456792188358306,
    1.2889526476478577,
    1.249224668674469,
    1.2075919043731689,
    1.1769382351636886,
    1.156257855463028,
    1.1103661493015289,
    1.1050105556917191,
    1.0767370264959335,
    1.047946313085556,
    1.050456322543621,
    1.048269327082634,
    1.0250639821720122,
    1.036967988152504
  ],
  "val_loss": [
    1.719759580039978,
    1.4641318227767943,
    1.3296141491889955,
    1.1636646174907683,
    1.188221565914154,
    0.9539757201194763,
    0.9222351378917694,
    0.8154830337047577,
    0.8038266874790192,
    0.7625345399141311,
    0.7159649212837219,
    0.7274812605381012,
    0.6447718754053116,
    0.6329615381002426,
    0.6091684355139733,
    0.6023082082986831,
    0.5923587349653244,
    0.5814001411557198,
    0.5729935557723045,
    0.5719794957876205
  ],
  "val_accuracy": [
    35.41,
    47.74,
    50.71,
    58.3,
    57.0,
    66.65,
    67.3,
    71.53,
    72.18,
    74.49,
    75.25,
    74.8,
    78.3,
    79.0,
    79.3,
    79.7,
    79.74,
    80.3,
    80.79,
    80.49
  ],
  "best_val_accuracy": 80.79
}