{
  "hyperparameters": {
    "batch_size": 128,
    "criterion": "crossentropy",
    "net": "deep_baseline2_bn_resnext",
    "optimizer": "adam",
    "epochs": 100,
    "learning_rate": 0.001,
    "momentum": 0.9,
    "scheduler": "cosineannealinglr",
    "label_smoothing": 0.0,
    "data_augment": false,
    "cutmix": false,
    "normalize_mean": [
      0.5,
      0.5,
      0.5
    ],
    "normalize_std": [
      0.5,
      0.5,
      0.5
    ],
    "seed": 42,
    "weight_init": true,
    "device": "cuda",
    "early_stopping": false,
    "early_stopping_patience": null,
    "scheduler_t_max": 100,
    "scheduler_eta_min": 0.0
  },
  "train_loss": [
    7.0657927468609625,
    1.5806051791476472,
    1.2637653241072164,
    1.0758396981622251,
    0.8756879412609598,
    0.7611032316599355,
    0.6756301674696491,
    0.5924073771747482,
    0.5163229565181391,
    0.46939330675717816,
    0.4186259686870648,
    0.39140172180769695,
    0.3512164503717057,
    0.3279325528751554,
    0.2961780366766483,
    0.2860942443694605,
    0.2731003057583214,
    0.25664922696016634,
    0.23569421803631135,
    0.22038468992923532,
    0.22138047140196462,
    0.20016270241392847,
    0.1978125225304795,
    0.18039294549495058,
    0.17353945060649797,
    0.16934861079849245,
    0.15773165097360112,
    0.1493800521430457,
    0.1504667200281492,
    0.1327003042982972,
    0.1297225733251904,
    0.12301169474468664,
    0.12345562271697594,
    0.1060451066878903,
    0.1078578843723249,
    0.09736941433618859,
    0.09429071552556037,
    0.09225901206740943,
    0.08953186935361694,
    0.07429951049930528,
    0.07595630069418102,
    0.07756069253729966,
    0.06470484887261677,
    0.06564157434365214,
    0.059730297396354895,
    0.06149354058525065,
    0.06519673146126444,
    0.046107117370094944,
    0.04222901755362711,
    0.05215820531858622,
    0.04736127249796487,
    0.041644860061404804,
    0.037555851600826015,
    0.03251824160570951,
    0.03809623330500444,
    0.028803489772398074,
    0.028871264810080798,
    0.025941757790153595,
    0.03178383066626194,
    0.018792476048311958,
    0.014556698344202468,
    0.014531108954905883,
    0.021729982837967936,
    0.023788401236533738,
    0.011729093533499962,
    0.0037056450064227348,
    0.0016002628370634783,
    0.0008094218928980834,
    0.0007504320149208703,
    0.0008927579782188625,
    0.0010977717531223297,
    0.001277735361325033,
    0.001654506977790457,
    0.08035646214553624,
    0.013880647844551584,
    0.002910673655831562,
    0.0014826740030154033,
    0.0012177895789411005,
    0.001101135009038679,
    0.0010837595994689067,
    0.0010709869636632407,
    0.00113276354810747,
    0.0011558743426576257,
    0.0012084298631381196,
    0.001204552462823508,
    0.0012049049713953738,
    0.0012711083746927282,
    0.001293473547566301,
    0.0012718098706451465,
    0.001243365341392548,
    0.0012141865622454686,
    0.0011841514616159011,
    0.0011646838329048813,
    0.00110151981735421,
    0.0011215089407065869,
    0.001092972589389938,
    0.0010729193530531356,
    0.0010595748187912167,
    0.0010560292624356344,
    0.0010416685730692886
  ],
  "val_loss": [
    1.7172837710078759,
    1.4568479076216492,
    1.1857483092742631,
    1.0100319823132287,
    1.0126283002805105,
    0.9696964515915399,
    0.9231824897512605,
    0.8664609872842137,
    0.8317436281638809,
    0.9477512172505825,
    0.8247794478754454,
    0.8699513771865941,
    0.8645319893390317,
    0.9116076585612719,
    0.7481751162794572,
    0.969082132170472,
    0.8616745177703568,
    0.7385530437849745,
    0.8954053370258476,
    0.793799448616897,
    0.8017942482912088,
    0.7099672808677335,
    0.7628111247020432,
    0.7408331311956237,
    0.7552313857440707,
    0.7372513745404496,
    0.7890094782732711,
    0.7565873902809771,
    0.7352124995823148,
    0.8135436147074157,
    0.7319912933096101,
    0.7072088805180562,
    0.6969612761388851,
    0.9337672402587118,
    0.7390444614464724,
    0.76714320273339,
    0.776216485832311,
    0.7708690464496613,
    0.8183662823483914,
    0.7683742359469209,
    0.7019063041934485,
    0.7736568322664574,
    0.7718468644196474,
    0.7307080471817451,
    0.7262661992749081,
    0.731423126368583,
    0.7244390554820435,
    0.8490018180654019,
    0.7338604323471649,
    0.7859594429595561,
    0.7660372645794591,
    0.7692031377478491,
    0.7483699864979032,
    0.743226162240475,
    0.7541783501075793,
    0.7809844639482377,
    0.7549809047692939,
    0.7682219849357123,
    0.8042014097865624,
    0.8144305899173399,
    0.8141409981099865,
    0.8408057150206988,
    0.854685348800466,
    0.8120968149432654,
    0.750450234624404,
    0.7398969089683098,
    0.7167996824542179,
    0.6856429169449625,
    0.662111672419536,
    0.6483667700351039,
    0.62237246353415,
    0.6111639628681955,
    0.6892608536195152,
    0.6440075145492071,
    0.6321098332918142,
    0.6240543123287491,
    0.6242707613148267,
    0.618141359166254,
    0.620294494719445,
    0.6145162344733371,
    0.6064566543585137,
    0.5988775978359995,
    0.5951112867156162,
    0.5985060266301602,
    0.5941180948969684,
    0.5879564424858817,
    0.5860694145100026,
    0.5880835210975213,
    0.5833666200124765,
    0.5822930286956739,
    0.5765438423126559,
    0.5767526932155029,
    0.5782605768004551,
    0.5721127349364606,
    0.5726374202891241,
    0.573348910748204,
    0.5709433785722225,
    0.5720464670205418,
    0.5715436769437187,
    0.5711957382250435
  ],
  "val_accuracy": [
    48.18,
    55.48,
    61.06,
    65.95,
    65.66,
    68.59,
    70.01,
    71.18,
    72.54,
    70.64,
    74.27,
    73.37,
    74.5,
    72.93,
    77.51,
    72.39,
    75.03,
    76.74,
    77.03,
    77.79,
    76.99,
    78.56,
    78.52,
    78.71,
    78.9,
    78.7,
    78.15,
    79.01,
    79.66,
    78.41,
    80.14,
    81.52,
    81.67,
    77.27,
    81.02,
    80.36,
    80.09,
    81.39,
    80.1,
    81.67,
    82.07,
    81.59,
    81.38,
    82.26,
    81.91,
    82.3,
    82.59,
    80.99,
    82.47,
    81.33,
    82.68,
    82.56,
    82.72,
    83.61,
    82.42,
    82.1,
    83.17,
    82.53,
    82.72,
    83.0,
    83.49,
    82.73,
    81.87,
    82.77,
    84.2,
    84.85,
    84.98,
    85.08,
    85.28,
    85.05,
    85.35,
    85.14,
    83.86,
    83.65,
    84.51,
    85.21,
    85.13,
    85.28,
    85.13,
    85.34,
    85.15,
    85.36,
    85.27,
    85.29,
    85.27,
    85.46,
    85.14,
    85.32,
    85.26,
    85.29,
    85.19,
    85.19,
    85.34,
    85.37,
    85.24,
    85.28,
    85.29,
    85.3,
    85.29,
    85.35
  ],
  "best_val_accuracy": 85.46,
  "early_stopped": false
}