{
  "hyperparameters": {
    "batch_size": 128,
    "criterion": "crossentropy",
    "net": "deep_baseline2_bn_resnext",
    "optimizer": "adam",
    "epochs": 100,
    "learning_rate": 0.001,
    "momentum": 0.9,
    "scheduler": "cosineannealinglr",
    "label_smoothing": 0.0,
    "data_augment": false,
    "cutmix": false,
    "normalize_mean": [
      0.5,
      0.5,
      0.5
    ],
    "normalize_std": [
      0.5,
      0.5,
      0.5
    ],
    "seed": 42,
    "weight_init": true,
    "device": "cuda",
    "early_stopping": false,
    "early_stopping_patience": null,
    "scheduler_t_max": 100,
    "scheduler_eta_min": 0.0
  },
  "train_loss": [
    6.801546062959734,
    1.5094204040439538,
    1.2271571773702226,
    1.0367037724046146,
    0.851768720256703,
    0.7404119862467432,
    0.6545376676275297,
    0.5701121758774418,
    0.5123985753492322,
    0.46093292831612365,
    0.4216941290575525,
    0.39942165610887814,
    0.33913998458239125,
    0.3421454987562526,
    0.2894759387578196,
    0.27498699158734985,
    0.2740801233617241,
    0.2403944170345431,
    0.22971120229005204,
    0.2218206224634367,
    0.2094787502151621,
    0.19841211790318988,
    0.1864695821976875,
    0.1831274128202206,
    0.16899481929286056,
    0.1641516339062425,
    0.1561878423023102,
    0.15472949230495622,
    0.14109512147924785,
    0.12971662249311308,
    0.12674013971139098,
    0.1175613965924896,
    0.1156516720247848,
    0.11006584494610501,
    0.10276724693968016,
    0.09290137002363687,
    0.09502316039779683,
    0.09048033892022223,
    0.07964706963256878,
    0.08308575773383002,
    0.07802293164765134
  ],
  "val_loss": [
    1.6102811460253559,
    1.374739658983448,
    1.1640433065498932,
    1.048798750472974,
    1.0415063530583926,
    0.9899314204348794,
    1.0837582530854624,
    0.9049177079261104,
    0.9404231400429448,
    0.8616778231874297,
    0.9276575400859495,
    0.8516318564173542,
    1.0032723319681385,
    0.8733976143824903,
    0.7905629235732404,
    0.8990122351465346,
    0.8102049386199517,
    0.8699799451646926,
    0.8927248399468917,
    0.7646446114853968,
    0.7770965778374974,
    0.7949567025975336,
    0.9946004589901695,
    0.7512209570106072,
    0.7836200847655912,
    0.7647952199736728,
    0.7815710800358012,
    0.7714104165759268,
    0.7150633444514456,
    0.7139675575721113,
    0.8004644128340709,
    0.7692108727708648,
    0.7680176481415953,
    0.7380796478518957,
    0.7824485984784139,
    0.6790138445323026,
    0.7446499700787701,
    0.7349904296518881,
    0.7210149293458914,
    0.711683910858782,
    0.7799352124522004
  ],
  "val_accuracy": [
    49.65,
    54.43,
    62.2,
    65.11,
    67.01,
    68.28,
    64.95,
    70.78,
    70.52,
    72.74,
    71.57,
    74.12,
    70.66,
    74.92,
    75.78,
    73.56,
    76.16,
    75.2,
    76.17,
    77.98,
    77.44,
    78.38,
    74.59,
    77.34,
    79.12,
    79.11,
    78.41,
    78.9,
    79.82,
    80.49,
    79.64,
    81.0,
    79.71,
    80.17,
    80.47,
    81.77,
    80.92,
    81.15,
    81.9,
    81.62,
    81.92
  ],
  "best_val_accuracy": 81.92
}