{
  "hyperparameters": {
    "batch_size": 16,
    "criterion": "crossentropy",
    "net": "deep_baseline2_bn_residual_preact",
    "optimizer": "adam",
    "epochs": 20,
    "learning_rate": 0.0003,
    "momentum": 0.9,
    "scheduler": "cosineannealinglr",
    "label_smoothing": 0.0,
    "data_augment": true,
    "cutmix": false,
    "normalize_mean": [
      0.5,
      0.5,
      0.5
    ],
    "normalize_std": [
      0.5,
      0.5,
      0.5
    ],
    "seed": 42,
    "weight_init": true,
    "device": "cuda",
    "scheduler_t_max": 20,
    "scheduler_eta_min": 0.0
  },
  "train_loss": [
    1.530119572944641,
    1.1080399574279785,
    0.9315624062395096,
    0.8250065156173706,
    0.7460333164453506,
    0.6811540354204177,
    0.6254218248391151,
    0.5804316115939617,
    0.5300804476892949,
    0.49354518201351166,
    0.452171881814003,
    0.4151242333036661,
    0.3781031737011671,
    0.34472677107095717,
    0.3117596190482378,
    0.28548138344317675,
    0.2582131462834775,
    0.2396056342370808,
    0.2306928208950162,
    0.21595699893563985
  ],
  "val_loss": [
    1.196547633934021,
    0.8102604398965836,
    0.7296093248844147,
    0.648548166501522,
    0.6079133214354515,
    0.543990616440773,
    0.5805119432091713,
    0.5128749681651592,
    0.46811715060472486,
    0.4103321356654167,
    0.40023959797620773,
    0.3846840725451708,
    0.3516577334418893,
    0.34133835908174515,
    0.3292598937474191,
    0.3035473859027028,
    0.2909681414090097,
    0.27911889557540415,
    0.2732233730509877,
    0.2724371514879167
  ],
  "val_accuracy": [
    57.56,
    71.2,
    74.63,
    77.56,
    79.43,
    81.05,
    81.11,
    82.75,
    84.01,
    86.03,
    86.25,
    86.82,
    88.12,
    88.53,
    89.07,
    89.72,
    90.28,
    90.64,
    90.72,
    90.84
  ],
  "best_val_accuracy": 90.84
}