{
  "hyperparameters": {
    "batch_size": 16,
    "criterion": "crossentropy",
    "net": "deep_baseline",
    "optimizer": "adam",
    "epochs": 20,
    "learning_rate": 0.0003,
    "momentum": 0.9,
    "scheduler": "cosineannealinglr",
    "label_smoothing": 0.0,
    "data_augment": false,
    "cutmix": false,
    "normalize_mean": [
      0.5,
      0.5,
      0.5
    ],
    "normalize_std": [
      0.5,
      0.5,
      0.5
    ],
    "seed": 42,
    "weight_init": true,
    "device": "cuda",
    "scheduler_t_max": 20,
    "scheduler_eta_min": 0.0
  },
  "train_loss": [
    1.2788245436382293,
    0.7807199036836624,
    0.5865003797507287,
    0.4516246072494984,
    0.343033092264235,
    0.25176818714261057,
    0.18273263029528783,
    0.1313182519046217,
    0.09307559444091283,
    0.07089455503591802,
    0.05050926309395756,
    0.035013025553190386,
    0.024592046168847883,
    0.014737585305751127,
    0.008950170131605555,
    0.004800705011865066,
    0.002601131781883014,
    0.0016729685520961357,
    0.0013903989931544492,
    0.001179221664466022
  ],
  "val_loss": [
    1.0228613181591033,
    0.7428154080629349,
    0.6413374734640122,
    0.6173185344368219,
    0.5870330062687397,
    0.6565592951774597,
    0.6881322514951229,
    0.6404651743352413,
    0.7535967870533467,
    0.7820961146555842,
    0.8643264813099056,
    0.8323150969237089,
    0.8480567019674927,
    0.8875261705696583,
    0.9241751917757094,
    0.897140299012512,
    0.9383379930615425,
    0.9259119712907821,
    0.9294828219689428,
    0.9356795075263828
  ],
  "val_accuracy": [
    63.87,
    74.35,
    77.77,
    79.14,
    80.97,
    79.96,
    79.61,
    81.82,
    81.52,
    81.5,
    80.81,
    82.03,
    82.3,
    82.56,
    82.55,
    82.39,
    83.04,
    83.23,
    83.29,
    83.24
  ],
  "best_val_accuracy": 83.29
}