{
  "hyperparameters": {
    "batch_size": 16,
    "criterion": "crossentropy",
    "net": "deep_baseline_bn",
    "optimizer": "adam",
    "epochs": 20,
    "learning_rate": 0.0003,
    "momentum": 0.9,
    "scheduler": "cosineannealinglr",
    "label_smoothing": 0.0,
    "data_augment": false,
    "normalize_mean": [
      0.5,
      0.5,
      0.5
    ],
    "normalize_std": [
      0.5,
      0.5,
      0.5
    ],
    "seed": 42,
    "device": "cuda",
    "scheduler_t_max": 20,
    "scheduler_eta_min": 0.0
  },
  "train_loss": [
    1.1786593136405945,
    0.7580046073913574,
    0.6163999281549454,
    0.5208868452072144,
    0.43387494992494585,
    0.37005549593418835,
    0.2972104783561826,
    0.23985062108553945,
    0.18675762173183263,
    0.1410316353400983,
    0.09993329849281349,
    0.07148425147485919,
    0.0417161240627314,
    0.028373620672885444,
    0.016625604767876792,
    0.00889558390525868,
    0.004210091331826261,
    0.0030374872960604263,
    0.001972029025173979,
    0.00161291390240076
  ],
  "val_loss": [
    0.8945614619255066,
    0.734492286682129,
    0.6193078083276748,
    0.5561581159353256,
    0.5821312674164772,
    0.6091828915417195,
    0.5621559941217303,
    0.5548624871864914,
    0.646088459675014,
    0.5290125657178462,
    0.5631031533781439,
    0.5785666811816395,
    0.604900678210333,
    0.5933729408668355,
    0.6000877043802757,
    0.7450930427769199,
    0.6131726376667153,
    0.605025520432461,
    0.5812430731077446,
    0.5787480158487335
  ],
  "val_accuracy": [
    68.4,
    74.01,
    78.63,
    80.75,
    80.48,
    80.04,
    81.84,
    83.41,
    82.02,
    84.79,
    84.83,
    84.86,
    85.71,
    86.11,
    86.35,
    84.37,
    86.54,
    86.82,
    87.14,
    87.21
  ],
  "best_val_accuracy": 87.21
}