{
  "hyperparameters": {
    "batch_size": 16,
    "criterion": "crossentropy",
    "net": "deep_baseline2_bn_residual_preact",
    "optimizer": "adam",
    "epochs": 20,
    "learning_rate": 0.0003,
    "momentum": 0.9,
    "scheduler": "cosineannealinglr",
    "label_smoothing": 0.0,
    "data_augment": true,
    "cutmix": true,
    "normalize_mean": [
      0.5,
      0.5,
      0.5
    ],
    "normalize_std": [
      0.5,
      0.5,
      0.5
    ],
    "seed": 42,
    "weight_init": true,
    "device": "cuda",
    "scheduler_t_max": 20,
    "scheduler_eta_min": 0.0
  },
  "train_loss": [
    1.7918613655662536,
    1.4927947564888,
    1.3399851179599762,
    1.2544035575389862,
    1.2013714591217042,
    1.14694596057415,
    1.1043960631752014,
    1.049768500828743,
    1.0098228680419923,
    0.9804049483013153,
    0.9563565859222413,
    0.9058735614037514,
    0.8769065614557267,
    0.8589140525782109,
    0.8144514415431022,
    0.8047282279753685,
    0.763980114057064,
    0.7474950315344334,
    0.7496434779238701,
    0.747178388645649
  ],
  "val_loss": [
    1.3564837524414062,
    0.9258218527793884,
    0.8268734426498413,
    0.7265546183824539,
    0.709012381863594,
    0.6842811148643494,
    0.5925464136958122,
    0.5818545345067978,
    0.520948598408699,
    0.4882043936371803,
    0.4754639062166214,
    0.44029293826818466,
    0.4093067817211151,
    0.3945860205411911,
    0.38046587836146356,
    0.3592195954620838,
    0.3568924250245094,
    0.32951245302557947,
    0.3284137157380581,
    0.32116496003866196
  ],
  "val_accuracy": [
    51.17,
    67.5,
    71.49,
    75.22,
    76.13,
    77.55,
    80.62,
    81.39,
    83.26,
    84.1,
    85.44,
    85.92,
    87.21,
    87.6,
    88.22,
    88.99,
    89.28,
    89.72,
    90.02,
    90.02
  ],
  "best_val_accuracy": 90.02
}