{
  "hyperparameters": {
    "batch_size": 256,
    "criterion": "crossentropy",
    "net": "deep_baseline",
    "optimizer": "adam",
    "epochs": 20,
    "learning_rate": 0.0003,
    "momentum": 0.9,
    "scheduler": "none",
    "label_smoothing": 0.0,
    "data_augment": false,
    "cutmix": false,
    "normalize_mean": [
      0.5,
      0.5,
      0.5
    ],
    "normalize_std": [
      0.5,
      0.5,
      0.5
    ],
    "seed": 42,
    "weight_init": false,
    "device": "cuda"
  },
  "train_loss": [
    1.8632737684006593,
    1.5022348037787847,
    1.351490548678807,
    1.2240065463951655,
    1.1192005304049473,
    1.011862392936434,
    0.9355086912305988,
    0.8356156422167408,
    0.7651038473966171,
    0.6875940917097793,
    0.6124296837619373,
    0.5321336181796327,
    0.4662744705470241,
    0.38834584169850056,
    0.31444707201147565,
    0.2423190710191824,
    0.1974375270763222,
    0.153230791949496,
    0.1179722209974211,
    0.1077336054675433
  ],
  "val_loss": [
    1.5854232728481292,
    1.424130603671074,
    1.3127699404954911,
    1.195104956626892,
    1.0843907177448273,
    1.0615407541394233,
    0.9703089863061904,
    0.9709429681301117,
    0.9038205131888389,
    0.8557140812277794,
    0.878102533519268,
    0.8216701820492744,
    0.8398463591933251,
    0.8967673942446709,
    0.9000296175479889,
    0.9798141300678254,
    1.1166535586118698,
    1.1753271788358688,
    1.3643386960029602,
    1.313726533949375
  ],
  "val_accuracy": [
    40.99,
    46.79,
    52.07,
    56.75,
    60.85,
    62.58,
    65.63,
    66.59,
    68.34,
    70.06,
    70.54,
    71.75,
    72.66,
    71.93,
    72.72,
    72.26,
    71.77,
    71.65,
    71.13,
    72.9
  ],
  "best_val_accuracy": 72.9
}