{
  "hyperparameters": {
    "batch_size": 16,
    "criterion": "crossentropy",
    "net": "deep_baseline",
    "optimizer": "adam",
    "epochs": 100,
    "learning_rate": 0.0003,
    "momentum": 0.9,
    "scheduler": "cosineannealinglr",
    "label_smoothing": 0.0,
    "data_augment": false,
    "normalize_mean": [
      0.5,
      0.5,
      0.5
    ],
    "normalize_std": [
      0.5,
      0.5,
      0.5
    ],
    "seed": 42,
    "device": "cuda",
    "scheduler_t_max": 100,
    "scheduler_eta_min": 0.0
  },
  "train_loss": [
    1.6354467310905456,
    1.132137849521637,
    0.887057550497055,
    0.7247585012078285,
    0.6146360413837433,
    0.5218372617834807,
    0.4446813627618551,
    0.37318517555952074,
    0.30940440371274947,
    0.2571871313843131,
    0.2133785450579971,
    0.18606946489986032,
    0.15364100055452437,
    0.14219055120818316,
    0.1268603738328535,
    0.11580543863875792,
    0.11036377292834688,
    0.10326127019762993,
    0.09215157103457954,
    0.09191635778817348,
    0.08951483963430859,
    0.08485761325025,
    0.08148077090385836,
    0.07677557220916263,
    0.07339300533550443,
    0.07142865405162448,
    0.06787646239697934,
    0.06492063834835775,
    0.06399982681615628,
    0.060367548313940644,
    0.06120866474211449,
    0.05519102628040593,
    0.05645505852664704,
    0.05306095125735621,
    0.05315615543618158,
    0.05092455280057504,
    0.04712033001231495,
    0.04590183332186658,
    0.044156281932079,
    0.04114427696847415,
    0.03935846490265219,
    0.04065923235983937,
    0.03481641866184829,
    0.03721837388906977
  ],
  "val_loss": [
    1.3061972854614259,
    1.1188345351219178,
    0.815331518816948,
    0.7149575332760811,
    0.6951417325377465,
    0.6433102085351944,
    0.6188899612188339,
    0.6373659920334815,
    0.6642908010184765,
    0.6523939739257097,
    0.6447076832056046,
    0.7212248910605907,
    0.7811073578193783,
    0.7511385340109468,
    0.765223344296217,
    0.7954669637680519,
    0.8198865073967725,
    0.7838566830284893,
    0.8852468235965818,
    0.8871645316541195,
    0.824172183483839,
    0.8456489768594503,
    0.8005519887804985,
    0.8464186920460314,
    0.875375346533116,
    0.8271076218865812,
    0.8635030981736258,
    0.899233764180541,
    0.9370198834536597,
    0.9252399323090911,
    0.825174138276279,
    0.9528398032739759,
    0.8950676393324509,
    0.8628638176411391,
    0.9085560654817149,
    0.8436048378963024,
    0.9630914572146255,
    0.8948552858047187,
    0.8802596739605069,
    0.872089253957197,
    0.9483934622429311,
    0.8403765293449397,
    0.8886339055456222,
    0.8927449203155935
  ],
  "val_accuracy": [
    52.21,
    61.04,
    71.71,
    75.4,
    76.55,
    78.04,
    78.65,
    79.08,
    78.67,
    80.08,
    80.17,
    80.6,
    79.89,
    80.47,
    79.92,
    80.41,
    79.51,
    80.94,
    79.83,
    78.88,
    80.56,
    80.26,
    80.57,
    80.47,
    79.68,
    80.96,
    79.91,
    79.51,
    80.32,
    79.92,
    80.52,
    79.34,
    80.86,
    80.19,
    79.9,
    80.44,
    80.34,
    80.06,
    80.54,
    81.53,
    79.83,
    81.57,
    80.94,
    80.19
  ],
  "best_val_accuracy": 81.57
}