{
  "hyperparameters": {
    "batch_size": 16,
    "criterion": "crossentropy",
    "net": "deep_baseline3_bn",
    "optimizer": "adam",
    "epochs": 20,
    "learning_rate": 0.0003,
    "momentum": 0.9,
    "scheduler": "cosineannealinglr",
    "label_smoothing": 0.0,
    "data_augment": false,
    "cutmix": false,
    "normalize_mean": [
      0.5,
      0.5,
      0.5
    ],
    "normalize_std": [
      0.5,
      0.5,
      0.5
    ],
    "seed": 42,
    "weight_init": false,
    "device": "cuda",
    "scheduler_t_max": 20,
    "scheduler_eta_min": 0.0
  },
  "train_loss": [
    1.1342578438282014,
    0.7126742423486709,
    0.5672675638675689,
    0.47380368988990784,
    0.3882121104300022,
    0.31107969795227053,
    0.24704895515292882,
    0.18944748445115983,
    0.14024321420677005,
    0.10055531911812722,
    0.07365756020311266,
    0.05031730813359609,
    0.03409656360720284,
    0.020293579333061352,
    0.012915774875547504,
    0.006574950545066968,
    0.0036539606103044935,
    0.0021113345219718757,
    0.0014208274328740664,
    0.0011753702401311602
  ],
  "val_loss": [
    0.7624508161902428,
    0.8267860039591789,
    0.5605511433601379,
    0.5667069193124771,
    0.5103044528901577,
    0.5397330531150103,
    0.4723955926790833,
    0.4840558168694377,
    0.5012250435322523,
    0.5220389354456216,
    0.5366875098116696,
    0.5671394956246019,
    0.5353219649618491,
    0.5407374902406707,
    0.545143875678815,
    0.525909963660175,
    0.5093154487360269,
    0.4957627645875793,
    0.48604673113524915,
    0.48520989631880074
  ],
  "val_accuracy": [
    73.41,
    72.8,
    80.79,
    80.45,
    83.02,
    83.03,
    84.75,
    85.29,
    84.98,
    85.31,
    85.25,
    85.74,
    86.57,
    86.67,
    86.72,
    87.21,
    87.62,
    87.65,
    87.86,
    87.9
  ],
  "best_val_accuracy": 87.9
}