{
  "hyperparameters": {
    "batch_size": 16,
    "criterion": "crossentropy",
    "net": "deep_baseline2_bn_residual",
    "optimizer": "adam",
    "epochs": 20,
    "learning_rate": 0.0003,
    "momentum": 0.9,
    "scheduler": "cosineannealinglr",
    "label_smoothing": 0.0,
    "data_augment": false,
    "normalize_mean": [
      0.5,
      0.5,
      0.5
    ],
    "normalize_std": [
      0.5,
      0.5,
      0.5
    ],
    "seed": 42,
    "device": "cuda",
    "scheduler_t_max": 20,
    "scheduler_eta_min": 0.0
  },
  "train_loss": [
    1.2047412497758865,
    0.7832750416779518,
    0.6405468083786965,
    0.5408546918439865,
    0.4517551761758328,
    0.3821251467496157,
    0.30787701100468634,
    0.24903625534482302,
    0.19090685938075186,
    0.14459071184437722,
    0.10205066816207022,
    0.06935075059450697,
    0.046810200620060784,
    0.027209035584895173,
    0.01776673982735083,
    0.009403766502381767,
    0.005133605904954456,
    0.002705138165485987,
    0.0016882217465959547,
    0.0014158698646503036
  ],
  "val_loss": [
    0.8896565690994263,
    0.8126988337755203,
    0.6193615888357162,
    0.5803110200166702,
    0.5652685090363025,
    0.566174556839466,
    0.46819278775155543,
    0.48964042650312184,
    0.5005820895344019,
    0.5415910740807652,
    0.4597065963733941,
    0.5378005661476404,
    0.5045965848870575,
    0.5602677817068994,
    0.5114645195878577,
    0.5432612516849302,
    0.522402705274988,
    0.5042878519322723,
    0.5009131971656345,
    0.4970763580736238
  ],
  "val_accuracy": [
    69.12,
    72.18,
    78.72,
    80.3,
    81.04,
    81.05,
    84.41,
    85.03,
    84.72,
    83.92,
    86.77,
    85.96,
    87.17,
    86.6,
    87.78,
    87.61,
    87.7,
    88.29,
    88.29,
    88.47
  ],
  "best_val_accuracy": 88.47
}