{
  "hyperparameters": {
    "batch_size": 16,
    "criterion": "crossentropy",
    "net": "deep_baseline",
    "optimizer": "adam",
    "epochs": 20,
    "learning_rate": 0.0003,
    "momentum": 0.9,
    "scheduler": "cosineannealinglr",
    "label_smoothing": 0.0,
    "data_augment": true,
    "cutmix": false,
    "normalize_mean": [
      0.5,
      0.5,
      0.5
    ],
    "normalize_std": [
      0.5,
      0.5,
      0.5
    ],
    "seed": 42,
    "weight_init": true,
    "device": "cuda",
    "scheduler_t_max": 20,
    "scheduler_eta_min": 0.0
  },
  "train_loss": [
    1.5607530551147462,
    1.1408288634967805,
    0.929485780544281,
    0.8166074557256698,
    0.742128044757843,
    0.6838716658639907,
    0.6372469224584103,
    0.596918698990345,
    0.5599708175259829,
    0.5200220646750927,
    0.4889569633346796,
    0.4543676051032543,
    0.4275331865090132,
    0.3998017132472992,
    0.3737435996067524,
    0.3498422714418173,
    0.325507533634603,
    0.3141421391493082,
    0.30366142919451,
    0.29652178286731246
  ],
  "val_loss": [
    1.173949484062195,
    0.8845063063621521,
    0.7567607983350754,
    0.7028167018651962,
    0.6309867191910744,
    0.6536010316610337,
    0.5510717573285103,
    0.556508667910099,
    0.4856329049229622,
    0.4938484895467758,
    0.46160199526548384,
    0.4462060936793685,
    0.4181578175008297,
    0.4047023394972086,
    0.39768256755173204,
    0.38272197807878255,
    0.3807309101760387,
    0.36578387269973756,
    0.36226185077577827,
    0.36147419985234736
  ],
  "val_accuracy": [
    57.2,
    68.6,
    73.25,
    75.36,
    78.19,
    77.99,
    80.95,
    80.72,
    83.3,
    83.06,
    83.93,
    84.87,
    85.8,
    86.42,
    86.5,
    87.07,
    87.11,
    87.81,
    87.66,
    87.76
  ],
  "best_val_accuracy": 87.81
}