{
  "hyperparameters": {
    "batch_size": 16,
    "criterion": "crossentropy",
    "net": "deep_baseline2_bn_residual",
    "optimizer": "adam",
    "epochs": 20,
    "learning_rate": 0.0003,
    "momentum": 0.9,
    "scheduler": "cosineannealinglr",
    "label_smoothing": 0.0,
    "data_augment": true,
    "cutmix": true,
    "normalize_mean": [
      0.5,
      0.5,
      0.5
    ],
    "normalize_std": [
      0.5,
      0.5,
      0.5
    ],
    "seed": 42,
    "weight_init": true,
    "device": "cuda",
    "scheduler_t_max": 20,
    "scheduler_eta_min": 0.0
  },
  "train_loss": [
    3.4672230159759523,
    1.7690790631675721,
    1.5735589877128602,
    1.4196027935504913,
    1.3203448140525818,
    1.2345892514276504,
    1.1808050356531143,
    1.1204610530614854,
    1.055666558072567,
    1.021454692132473,
    0.9810327473759651,
    0.9462642519164085,
    0.9025098379015922,
    0.8419927555668354,
    0.8307242991429568,
    0.7923128283953667,
    0.7791761452957988,
    0.7391555718034506,
    0.7543199994705617,
    0.7111514081168174
  ],
  "val_loss": [
    1.6499933735847474,
    1.319495962524414,
    1.0272691329956054,
    0.8735333078861237,
    0.8114647894859314,
    0.73299981559515,
    0.6575531014919281,
    0.6167145228862763,
    0.5675776470899582,
    0.5104238806962967,
    0.47951555697917936,
    0.4499794597387314,
    0.4043340131044388,
    0.39310744685530663,
    0.3821152765572071,
    0.33425325144529344,
    0.30862712184786795,
    0.2985187648117542,
    0.2890219343274832,
    0.29203480771183965
  ],
  "val_accuracy": [
    40.5,
    53.48,
    63.97,
    69.35,
    71.58,
    74.75,
    77.71,
    79.38,
    81.15,
    83.27,
    84.05,
    85.27,
    86.95,
    87.25,
    87.87,
    88.83,
    89.72,
    90.14,
    90.4,
    90.23
  ],
  "best_val_accuracy": 90.4
}