{
  "hyperparameters": {
    "batch_size": 16,
    "criterion": "crossentropy",
    "net": "densenet121",
    "optimizer": "adam",
    "epochs": 100,
    "learning_rate": 0.0003,
    "momentum": 0.9,
    "scheduler": "cosineannealinglr",
    "label_smoothing": 0.0,
    "data_augment": false,
    "normalize_mean": [
      0.5,
      0.5,
      0.5
    ],
    "normalize_std": [
      0.5,
      0.5,
      0.5
    ],
    "seed": 42,
    "device": "cuda",
    "scheduler_t_max": 100,
    "scheduler_eta_min": 0.0
  },
  "train_loss": [
    1.247773306837082,
    0.795061554775238,
    0.6236600563120842,
    0.5246042720031738,
    0.45707072989463804,
    0.4053299058997631,
    0.3668884207582474,
    0.3309429658949375,
    0.3112376714962721
  ],
  "val_loss": [
    0.8992488630294799,
    0.6550428019523621,
    0.5826840988278389,
    0.5282800108551979,
    0.480769363284111,
    0.42507739245593545,
    0.42249569442868234,
    0.39503981013298034,
    0.36695754614174364
  ],
  "val_accuracy": [
    68.33,
    77.17,
    80.57,
    82.13,
    83.6,
    85.62,
    85.57,
    86.45,
    87.63
  ],
  "best_val_accuracy": 87.63
}