{
  "hyperparameters": {
    "batch_size": 16,
    "criterion": "crossentropy",
    "net": "densenet121",
    "optimizer": "adam",
    "epochs": 200,
    "learning_rate": 0.0003,
    "momentum": 0.9,
    "scheduler": "cosineannealinglr",
    "label_smoothing": 0.0,
    "data_augment": false,
    "normalize_mean": [
      0.5,
      0.5,
      0.5
    ],
    "normalize_std": [
      0.5,
      0.5,
      0.5
    ],
    "seed": 42,
    "device": "cuda",
    "scheduler_t_max": 200,
    "scheduler_eta_min": 0.0
  },
  "train_loss": [
    1.2506555151176453,
    0.7859582004022598,
    0.620996031601429,
    0.5275160212814808,
    0.4614302453291416,
    0.4144443593561649,
    0.3773904888340831,
    0.34224158238589764,
    0.31799046813964843
  ],
  "val_loss": [
    0.9904978678703308,
    0.7157367698669433,
    0.5503544038653374,
    0.51677548122406,
    0.4756012113332748,
    0.42930262795090673,
    0.4235682021975517,
    0.4062206156551838,
    0.39507856884300707
  ],
  "val_accuracy": [
    65.91,
    75.62,
    81.21,
    82.29,
    83.96,
    85.25,
    85.37,
    86.2,
    86.9
  ],
  "best_val_accuracy": 86.9
}