{
  "hyperparameters": {
    "batch_size": 16,
    "criterion": "crossentropy",
    "net": "mobilenetv2",
    "optimizer": "adam",
    "epochs": 200,
    "learning_rate": 0.0003,
    "momentum": 0.9,
    "scheduler": "cosineannealinglr",
    "label_smoothing": 0.0,
    "data_augment": false,
    "normalize_mean": [
      0.5,
      0.5,
      0.5
    ],
    "normalize_std": [
      0.5,
      0.5,
      0.5
    ],
    "seed": 42,
    "device": "cuda",
    "scheduler_t_max": 200,
    "scheduler_eta_min": 0.0
  },
  "train_loss": [
    1.4728050108337403,
    1.0139139892292022,
    0.8090006128883361,
    0.6853267828726769,
    0.602876807641983,
    0.5441507942593098,
    0.4978899097383022,
    0.459635372825861,
    0.43004388041257857,
    0.3984770753288269,
    0.3742981936240196,
    0.35692590959250925,
    0.3404445106226206,
    0.3266720743003488,
    0.31045604179263114,
    0.29611855199724435,
    0.2851095260280371,
    0.2781486926829815,
    0.2687840310806036,
    0.2610613256826997,
    0.253209867477119,
    0.2424180894419551,
    0.23470763541311027
  ],
  "val_loss": [
    1.0574474093437194,
    0.8420536956548691,
    0.700911550450325,
    0.6761082347154618,
    0.6108024974107742,
    0.5781524233222007,
    0.5806114254832268,
    0.575177887058258,
    0.5367859051167965,
    0.5277225030064583,
    0.5390087424397468,
    0.5387230765461921,
    0.5262679197847843,
    0.5318473547458649,
    0.5122743847608566,
    0.5083266580194234,
    0.5083988566458225,
    0.526744134183228,
    0.49783907232284547,
    0.49649648572206495,
    0.4930506143480539,
    0.49568995853066444,
    0.4808763216763735
  ],
  "val_accuracy": [
    62.5,
    70.59,
    75.92,
    77.1,
    78.92,
    80.6,
    80.37,
    80.77,
    82.12,
    82.08,
    82.5,
    82.56,
    82.39,
    82.06,
    82.82,
    83.65,
    83.79,
    83.07,
    83.73,
    84.26,
    84.24,
    84.15,
    85.01
  ],
  "best_val_accuracy": 85.01
}