{
  "hyperparameters": {
    "batch_size": 128,
    "criterion": "crossentropy",
    "net": "pyramidnet110_150",
    "optimizer": "sgd",
    "epochs": 200,
    "learning_rate": 0.1,
    "momentum": 0.9,
    "nesterov": true,
    "scheduler": "cosineannealinglr",
    "label_smoothing": 0.1,
    "data_augment": true,
    "autoaugment": true,
    "cutmix": false,
    "cutmix_alpha": null,
    "cutmix_prob": null,
    "mixup": false,
    "mixup_alpha": null,
    "mixup_prob": null,
    "switch_prob": null,
    "cutout": false,
    "cutout_length": null,
    "cutout_n_holes": null,
    "cutout_prob": null,
    "shakedrop_prob": 0.5,
    "normalize_mean": [
      0.5,
      0.5,
      0.5
    ],
    "normalize_std": [
      0.5,
      0.5,
      0.5
    ],
    "seed": 42,
    "weight_init": true,
    "device": "cuda",
    "early_stopping": false,
    "early_stopping_patience": null,
    "num_workers": 4,
    "pin_memory": true,
    "ema": true,
    "ema_decay": 0.999,
    "sam": true,
    "sam_rho": 2.0,
    "sam_adaptive": true,
    "scheduler_t_max": 200,
    "scheduler_eta_min": 0.0
  },
  "train_loss": [
    2.0028657263807017,
    1.6788450247796296,
    1.5263001799888318,
    1.4231308598042753,
    1.3457574130933914,
    1.2857440838118648,
    1.221115593410209,
    1.1898858352085513,
    1.1545318980960895,
    1.133916533816501,
    1.1120265763433999,
    1.0991348555630736,
    1.0897203461288492,
    1.0751656435639656,
    1.0680653213540001,
    1.0637245399262898,
    1.0478431000124158,
    1.0325883486691643,
    1.033598238854762,
    1.024819901989549,
    1.0113904320675393,
    1.0014829743853615,
    1.0014445158221839,
    1.0087053659931777,
    0.9941165360343426,
    0.9937790671882727,
    0.985732454930425,
    0.9865847420509514,
    0.977228930996507,
    0.9736930781313221,
    0.974044858494683,
    0.9639771896250108,
    0.9712161655011384,
    0.9589628876017793,
    0.963009344189978,
    0.965545923356205,
    0.9531987957332445,
    0.9539922943810368,
    0.9509084613426871,
    0.9588590547861651,
    0.9408759281153569,
    0.9437761503412291,
    0.9412309650874808,
    0.943604748267347,
    0.9341967480871683,
    0.9353962497942893,
    0.9317910521841415,
    0.9282218853530981,
    0.9266829604992781,
    0.9383934865827146,
    0.9311476285805178,
    0.9253948007703132,
    0.9320170284841981,
    0.9213791946925776,
    0.9186220879444991,
    0.9168339716199109,
    0.9125007201948434,
    0.9229227398972377,
    0.9075309474145055,
    0.9108279079122616,
    0.9134697999490802,
    0.9147507383695344,
    0.9120106569031621,
    0.9132675807494337,
    0.9029462101209499,
    0.9063165393631781,
    0.90342495996324,
    0.9022495865516955,
    0.8994946371563866,
    0.8974635347990734,
    0.8880823445137199,
    0.8991135406067304,
    0.8887142148773993,
    0.8860846512457904,
    0.892334400083098,
    0.8855397192108662,
    0.8858795984626731,
    0.8856259011246664,
    0.8851810852280053,
    0.8788835981008037,
    0.8771705926226838,
    0.8809970858151955,
    0.8799042477632117,
    0.872067900722289,
    0.8704207527363087,
    0.8718949623424989,
    0.8657472590961115,
    0.8649732580270304,
    0.8570998850685861,
    0.8594571832195878,
    0.8555747145582038,
    0.8587007268005625,
    0.8520685842884775,
    0.8593418939644114,
    0.8398978571452753,
    0.850272521490941,
    0.8439771333313963,
    0.8483642664406915,
    0.8478253820668096,
    0.8474062347351132,
    0.8420238766219,
    0.8505303902394327,
    0.8402226696843687,
    0.8322282448753981,
    0.8264746486073564,
    0.8343108767438727,
    0.8312050744395731,
    0.8250428128730306,
    0.8239277980821517,
    0.8158957427724853,
    0.8167353417257519,
    0.8155212867290468,
    0.8193120764344549,
    0.8205620864468157,
    0.8067936865265107,
    0.8059215565471698,
    0.8019841313362122,
    0.8049718260460192,
    0.796815624932194,
    0.7984447863400744,
    0.7966786228177493,
    0.7848229130820545,
    0.793235941158841,
    0.7898952377116893,
    0.7855604704078811,
    0.7809357484588233,
    0.7774347876343886,
    0.777326121659535,
    0.7721527941391596,
    0.7717748526721964,
    0.7752147574558892,
    0.7697060280443763,
    0.7610507334589653,
    0.7657318365238511,
    0.7568051479661556,
    0.7607669548305405,
    0.7565513879746733,
    0.7527752264076487,
    0.7522377417520489,
    0.7460129433275794,
    0.7404136576920824,
    0.7436351422458658,
    0.7375971766384056,
    0.7333437306496798,
    0.7356407210954925,
    0.7285001587379923,
    0.7311919179109051,
    0.7196878377738816,
    0.7195115909552026,
    0.7175317678000311,
    0.7141316924863459,
    0.713774083672887,
    0.7129895424903812,
    0.7045426335176239,
    0.703739942034797,
    0.710582408911127,
    0.6991674878713116,
    0.6929663901438798,
    0.696432172489898,
    0.6837622905936083,
    0.6789143042796103,
    0.6804012743103535,
    0.6812512136786185,
    0.6776138656889387,
    0.6744805391487259,
    0.6652065388991705,
    0.664828404441209,
    0.6638549894018246,
    0.6578371253464838,
    0.6544358263845029,
    0.653881482608483,
    0.6519521153186594,
    0.6468760401696501,
    0.6405619074926352,
    0.6419112366788527,
    0.6413130763241702,
    0.6369501869087024,
    0.627236278008317,
    0.6311877191524067,
    0.6271458313898053,
    0.6223235101346165,
    0.6304141266266708,
    0.6247097435204879,
    0.627200491288129,
    0.619063494760362,
    0.6189531156474062,
    0.6120587666626172,
    0.6147543079103045,
    0.6173385895426621,
    0.6097504636820625,
    0.6094956490999598,
    0.6063617784958666,
    0.6057517074258126,
    0.6072139480839605,
    0.6088605036820902,
    0.6043142975138887,
    0.6048766432515801,
    0.6008082347757676,
    0.610066896661773,
    0.6043516129179074
  ],