{
  "hyperparameters": {
    "batch_size": 16,
    "criterion": "crossentropy",
    "net": "resnet18",
    "optimizer": "adam",
    "epochs": 200,
    "learning_rate": 0.0003,
    "momentum": 0.9,
    "scheduler": "cosineannealinglr",
    "label_smoothing": 0.0,
    "data_augment": false,
    "normalize_mean": [
      0.5,
      0.5,
      0.5
    ],
    "normalize_std": [
      0.5,
      0.5,
      0.5
    ],
    "seed": 42,
    "device": "cuda",
    "scheduler_t_max": 200,
    "scheduler_eta_min": 0.0
  },
  "train_loss": [
    1.2716439438343048,
    0.8432256394767761,
    0.68718931432724,
    0.5771964248418808,
    0.49817241238713267,
    0.4342916311323643,
    0.3775035125166178,
    0.3285528254795074,
    0.29418434623539447,
    0.2572089111688733,
    0.23090826827034355,
    0.2120400783240795,
    0.1951867454327643,
    0.18328107523962855,
    0.16812715127274394,
    0.16008992155328394,
    0.15415095598764716,
    0.14561188147399576,
    0.14465089280962945,
    0.13700190348468722,
    0.1366655604017526,
    0.130587931676358,
    0.12370525044858456,
    0.1246283303847164,
    0.12213218249533325,
    0.11956438173659145,
    0.11460244232172147,
    0.11452744320433587,
    0.11275417618189007,
    0.11070812835976482,
    0.10692122106185183
  ],
  "val_loss": [
    0.9036182488918304,
    0.7517231865644455,
    0.7390397286534309,
    0.5962482949018478,
    0.5572806065917015,
    0.49771952397227287,
    0.5052968818187714,
    0.5101172425180673,
    0.4755628143578768,
    0.4910049526154995,
    0.5325069523543119,
    0.4999734181106091,
    0.5127038745090365,
    0.5054806410938502,
    0.5261802160277963,
    0.5447122962385416,
    0.5186575754910707,
    0.5337692711666226,
    0.5233564293146133,
    0.5484008400171995,
    0.4980176659047604,
    0.5563387787491083,
    0.5507734354093671,
    0.5503470016419888,
    0.5626510945901275,
    0.5506166255190968,
    0.530496819087863,
    0.531181342881918,
    0.5275963863909244,
    0.5534863920196891,
    0.5328184791073203
  ],
  "val_accuracy": [
    68.01,
    73.08,
    74.57,
    79.93,
    81.1,
    82.88,
    82.63,
    82.76,
    84.45,
    83.63,
    83.55,
    83.39,
    83.31,
    84.12,
    84.05,
    83.48,
    84.34,
    83.47,
    84.04,
    83.33,
    84.94,
    83.76,
    83.8,
    83.96,
    83.59,
    83.95,
    84.73,
    84.53,
    84.5,
    83.74,
    84.47
  ],
  "best_val_accuracy": 84.94
}