{
  "hyperparameters": {
    "batch_size": 128,
    "criterion": "crossentropy",
    "net": "resnet18",
    "optimizer": "sgd",
    "epochs": 200,
    "learning_rate": 0.001,
    "momentum": 0.9,
    "scheduler": "cosineannealinglr",
    "label_smoothing": 0.0,
    "data_augment": false,
    "device": "cuda",
    "scheduler_t_max": 200,
    "scheduler_eta_min": 0.0
  },
  "train_loss": [
    1.495201486760698,
    1.012626571880887,
    0.7760060764944462,
    0.5844235543704703,
    0.4233042388163564,
    0.27330423788646296,
    0.14900510874398223,
    0.07424202209333781,
    0.036851695562472274,
    0.014662391778862919,
    0.005660325715430271,
    0.002802781224169809,
    0.002111867293649975,
    0.0017038886697338823,
    0.0014286338458256915,
    0.0012471807218166282,
    0.0011515862320649825,
    0.00107819559183591,
    0.0009851381276457874,
    0.0009560365209152298,
    0.0008753194462369813,
    0.0008229195271157767
  ],
  "val_loss": [
    1.2951760956003695,
    1.0273869158346443,
    0.8405151729342304,
    1.042545402351814,
    0.8635051514528975,
    0.8469181709651705,
    1.3256841490540323,
    1.0930069322827496,
    0.9571801371212247,
    0.9994453082356272,
    0.9051106334487095,
    0.9109688835053504,
    0.9107434757148163,
    0.9222884842112095,
    0.9227674041367784,
    0.9275132893007013,
    0.929308782272701,
    0.9342298767989194,
    0.9352188019812862,
    0.935869042631946,
    0.9422825495653515,
    0.9436299238778367
  ],
  "val_accuracy": [
    53.38,
    63.29,
    70.01,
    66.04,
    71.47,
    72.59,
    65.78,
    72.13,
    75.0,
    74.72,
    76.82,
    77.03,
    76.99,
    76.99,
    77.14,
    76.93,
    76.98,
    76.88,
    77.13,
    77.2,
    77.0,
    77.03
  ]
}