{
  "hyperparameters": {
    "batch_size": 128,
    "criterion": "crossentropy",
    "net": "resnet18",
    "optimizer": "sgd",
    "epochs": 24,
    "learning_rate": 0.001,
    "momentum": 0.9,
    "scheduler": "cosineannealinglr",
    "label_smoothing": 0.0,
    "data_augment": true,
    "normalize_mean": [
      0.4914,
      0.4822,
      0.4465
    ],
    "normalize_std": [
      0.2023,
      0.1994,
      0.201
    ],
    "device": "cuda",
    "scheduler_t_max": 24,
    "scheduler_eta_min": 0.0
  },
  "train_loss": [
    1.667190608770951,
    1.2455472632137405,
    1.0269577920894184,
    0.8889521927479893,
    0.7764306016590284,
    0.7040216799282357,
    0.6307768266066871,
    0.5800586357293531,
    0.5437383600665481,
    0.4976779088339842,
    0.47046236194613034,
    0.4423222688152967,
    0.4158474623470965,
    0.39651064231725,
    0.3756154657858412,
    0.35852327432169023,
    0.3386572267088439,
    0.32521634768037233,
    0.31311278822629346,
    0.3055228707583054,
    0.2939811863786424,
    0.28808807255819324,
    0.27993363984253095,
    0.28246036831222837
  ],
  "val_loss": [
    1.386566300935383,
    1.1733057498931885,
    0.975989848752565,
    0.9053093549571459,
    0.9255089933359171,
    0.7688552412805678,
    0.6555353199379353,
    0.6462078630169735,
    0.5851197982136207,
    0.5920333824580228,
    0.5933523770374588,
    0.5038821431277674,
    0.5142780614050129,
    0.4814334011907819,
    0.4631461972677255,
    0.44314374670952184,
    0.43607919069030615,
    0.4235638236697716,
    0.42706827536413944,
    0.4146279090944725,
    0.4115477970129327,
    0.4100699522827245,
    0.4071461954448797,
    0.4060034931083269
  ],
  "val_accuracy": [
    48.96,
    58.85,
    65.07,
    69.2,
    68.7,
    73.42,
    77.65,
    78.06,
    80.22,
    79.65,
    80.42,
    83.16,
    82.89,
    83.86,
    84.49,
    85.12,
    85.3,
    85.91,
    85.89,
    86.36,
    86.35,
    86.59,
    86.61,
    86.61
  ],
  "best_val_accuracy": 86.61
}