{
  "hyperparameters": {
    "batch_size": 128,
    "criterion": "crossentropy",
    "net": "wideresnet16_8",
    "optimizer": "sgd",
    "epochs": 200,
    "learning_rate": 0.1,
    "momentum": 0.9,
    "nesterov": true,
    "scheduler": "cosineannealinglr",
    "label_smoothing": 0.1,
    "data_augment": true,
    "autoaugment": true,
    "cutmix": false,
    "cutmix_alpha": null,
    "cutmix_prob": null,
    "mixup": false,
    "mixup_alpha": null,
    "mixup_prob": null,
    "switch_prob": null,
    "cutout": false,
    "cutout_length": null,
    "cutout_n_holes": null,
    "cutout_prob": null,
    "normalize_mean": [
      0.5,
      0.5,
      0.5
    ],
    "normalize_std": [
      0.5,
      0.5,
      0.5
    ],
    "seed": 42,
    "weight_init": true,
    "device": "cuda",
    "early_stopping": false,
    "early_stopping_patience": null,
    "num_workers": 4,
    "pin_memory": true,
    "ema": true,
    "ema_decay": 0.999,
    "sam": true,
    "sam_rho": 2.0,
    "sam_adaptive": true,
    "scheduler_t_max": 200,
    "scheduler_eta_min": 0.0
  },
  "train_loss": [
    2.020066081715362,
    1.645929396304938,
    1.4139631471365615,
    1.266847236077194,
    1.1892261261220478,
    1.1378379511406354,
    1.0982619120031976,
    1.066206629776284,
    1.043152201206178,
    1.0218273222903766,
    1.0096043470265614,
    0.9945979972019829,
    0.9845586874905754,
    0.9718540182808781,
    0.965332763426749,
    0.9576495116019188,
    0.9470297207917704,
    0.9406915127163957,
    0.936382409709189,
    0.931536360622367,
    0.9309446302521259,
    0.9222315412653072,
    0.9218033261006445,
    0.9124018790776772,
    0.9134102797569217,
    0.9042027383814077,
    0.9061680744066263,
    0.9039735748334918,
    0.9034247686490988,
    0.9038302412118449,
    0.8924124786615981,
    0.8908452861144415,
    0.8849327855402856,
    0.885220874301003,
    0.8831274399672018,
    0.8830825607185169,
    0.8791492514293212,
    0.8790994359709113,
    0.8741433000015786,
    0.8781639619556534,
    0.8720823858705018,
    0.8758283414499229,
    0.867687413302224,
    0.87130704041942,
    0.8721345187453053,
    0.8691897820633696,
    0.8650409913124026,
    0.8606254212996539,
    0.8633294975971018,
    0.861323765933971,
    0.8603065090106271,
    0.8575736377245325,
    0.8599754433192865,
    0.8550164358085378,
    0.8537525883720963,
    0.8479070302165682,
    0.8438559293442065,
    0.8466677809005503,
    0.8445735480779272,
    0.8419813936018883,
    0.8459950337934372,
    0.845468066080147,
    0.8394385413135714,
    0.8376017787572368,
    0.8355695465031792,
    0.8319855609818188,
    0.8340612861811353,
    0.8304828986182542,
    0.8300344483626773,
    0.8293322657075379,
    0.8299358445969994,
    0.8262997217800306,
    0.8234301203352106,
    0.8232001235418003,
    0.8233397016135018,
    0.8167838855167789,
    0.8145738673941864,
    0.8132502143950109,
    0.809958570753522,
    0.8121455952029704,
    0.8101698471152264,
    0.8080474319665328,
    0.8072736470595651,
    0.8035246411247936,
    0.8008291370728436,
    0.8038416067352685,
    0.8026180774964335,
    0.797266596570954,
    0.7966035095322163,
    0.795973249103712,
    0.7941154432113823,
    0.7927201169226176,
    0.789170940513806,
    0.7858488741128341,
    0.7847027795394058,
    0.7819637215655783,
    0.7788272103690126,
    0.7789040133166496,
    0.7793567288867043,
    0.7749100232978001,
    0.771970650729011,
    0.7729512318930662,
    0.7705964616802342,
    0.7651005439136339,
    0.7681830981198479,
    0.7664681820918227,
    0.7597145494597647,
    0.759836448123083,
    0.7577172327224556,
    0.7604225299242512,
    0.7545871733094726,
    0.7520018181837428,
    0.7519957156437437,
    0.746845396735784,
    0.744909423848857,
    0.7410100757923272,
    0.742773188349536,
    0.7379268293490495,
    0.7375009779430106,
    0.7336829344329932,
    0.7310975541544082,
    0.7259051734224304,
    0.7240455824395885,
    0.7252421185488591,
    0.7233417634768864,
    0.7184957460979061,
    0.7165708912303076,
    0.719376642380834,
    0.7149282468249426,
    0.7078661917115722,
    0.7056362680766893,
    0.7073547478831942,
    0.6993258488757531,
    0.7004265599238598,
    0.6964672085879099,
    0.6936429524055833,
    0.6921665958126487,
    0.692949271263064,
    0.6884251454907,
    0.683783962293659,
    0.6828955093308178,
    0.6795919129000906,
    0.6797211138183809,
    0.672550517122459,
    0.6715832654472507,
    0.6708542678667151,
    0.671859736637691,
    0.6649138384767811,
    0.661579727059435,
    0.6608484277639852,
    0.6565768211089131,
    0.6562188789057914,
    0.6527983617904546,
    0.6501609873588737,
    0.6433721986573065,
    0.6466313897801177,
    0.6426158047393155,
    0.6408345859373927,
    0.6358812358373266,
    0.6350116344059215,
    0.6323926951879125,
    0.6274005668547452,
    0.6266796444078235,
    0.6250564131285529,
    0.6239929869961556,
    0.6210695977711007,
    0.6197387352014136,
    0.6165975009084053,
    0.6138472384808923,
    0.6107928630945932,
    0.6078659413415758,
    0.6077266870557195,
    0.6077506920260847,
    0.6010559038128085,
    0.6004625941481432,
    0.5970775337170457,
    0.5964732619807543,
    0.594689221943126,
    0.5952685989077439,
    0.5914611962750135,
    0.591023288571926,
    0.5912939913742378,
    0.5886163748133822,
    0.5871914143452559,
    0.5848096936864926,
    0.5850117798046688,
    0.584785713411658,
    0.5827593291202164,
    0.5827125210286407,
    0.5819983246076442,
    0.5812939926791374,
    0.5805413421157681,
    0.5810104482009283,
    0.5810216896979096,
    0.5806382754269768,
    0.5790666669530942,
    0.577081078458625,
    0.5790919958782927,
    0.5777438330223493,
    0.5766633938035697
  ],